Date,Open,High,Low,Close,Adj Close,Volume,Day,Month,Quarter,Year
21-Aug-18,695,698,686.875,691.974976,598.451782,8361482,21,8,3,2018
23-Aug-18,696.5,700.75,692.674988,698.700012,604.2677,7717182,23,8,3,2018
24-Aug-18,698.25,700.950012,688.049988,689.150024,596.008606,7053000,24,8,3,2018
27-Aug-18,691.5,709.974976,690.700012,707.700012,612.051453,7012950,27,8,3,2018
28-Aug-18,708.599976,719.200012,705.75,712.349976,616.072937,6496890,28,8,3,2018
29-Aug-18,716.799988,716.799988,702.575012,705.049988,609.759521,5646496,29,8,3,2018
30-Aug-18,706.400024,710.775024,698.075012,708.099976,612.3974,11507962,30,8,3,2018
31-Aug-18,712.549988,727.150024,710.549988,720.549988,623.164551,10875864,31,8,3,2018
03-Sep-18,724.5,733.950012,715,717.125,620.202637,10976328,3,9,3,2018
04-Sep-18,722,748.5,716,737.150024,637.521118,15370124,4,9,3,2018
05-Sep-18,741.950012,744.049988,725.400024,729.900024,631.250916,8658978,5,9,3,2018
06-Sep-18,732.549988,735.5,724.099976,727.150024,628.872803,5598659,6,9,3,2018
07-Sep-18,734.349976,735.150024,723.799988,732.799988,633.759033,6510605,7,9,3,2018
10-Sep-18,737.75,747,729.400024,730.849976,632.072571,5629871,10,9,3,2018
11-Sep-18,735.900024,744.75,732,734.299988,635.056274,6963561,11,9,3,2018
12-Sep-18,744.400024,746.5,736.25,742.900024,642.494141,4636617,12,9,3,2018
14-Sep-18,741.900024,745,729.049988,733.700012,634.537292,7896514,14,9,3,2018
17-Sep-18,735,740,724.599976,725.950012,627.834839,5427054,17,9,3,2018
18-Sep-18,730,730,717,719.099976,621.910645,7729732,18,9,3,2018
19-Sep-18,727,727,713.200012,719.75,622.472839,4849498,19,9,3,2018
21-Sep-18,713.849976,717.400024,692,705.299988,609.975769,14350769,21,9,3,2018
24-Sep-18,706.5,729.950012,706.5,718.25,621.175537,8637881,24,9,3,2018
25-Sep-18,718.25,736,717,726.200012,628.051086,9602273,25,9,3,2018
26-Sep-18,731.200012,731.849976,712,717.849976,620.829651,6599606,26,9,3,2018
27-Sep-18,722,730.799988,717.450012,724.799988,626.84021,14592616,27,9,3,2018
28-Sep-18,721,734.549988,715.200012,730.049988,631.380798,7490031,28,9,3,2018
01-Oct-18,737.5,754.900024,733,746.650024,645.737122,8252398,1,10,4,2018
03-Oct-18,743.799988,751.950012,726.299988,728.5,630.040222,7792464,3,10,4,2018
04-Oct-18,728.5,729.75,702.5,707.200012,611.61908,6173037,4,10,4,2018
05-Oct-18,713,731.5,709.299988,724.599976,626.667175,8543578,5,10,4,2018
08-Oct-18,725.049988,728.700012,709.25,714.450012,617.889038,7259306,8,10,4,2018
09-Oct-18,717.099976,722.400024,702.650024,717.75,620.743103,6777212,9,10,4,2018
10-Oct-18,719.900024,719.900024,695.400024,700.450012,605.781372,8866251,10,10,4,2018
11-Oct-18,685,692.900024,663.299988,673.349976,582.343933,10985897,11,10,4,2018
12-Oct-18,676.400024,684.049988,661.5,678.799988,587.057495,8909221,12,10,4,2018
15-Oct-18,688.599976,705,681.5,698.799988,604.354248,6222176,15,10,4,2018
16-Oct-18,710,713.900024,689.400024,695.25,601.284058,11588963,16,10,4,2018
17-Oct-18,710,721.799988,701.349976,705.349976,610.018921,20360697,17,10,4,2018
19-Oct-18,687,687.700012,678,683.549988,591.165344,10421001,19,10,4,2018
22-Oct-18,688.700012,695.049988,673.799988,679.950012,588.051941,6672840,22,10,4,2018
23-Oct-18,675.950012,682,653.299988,657.599976,568.722656,9041701,23,10,4,2018
24-Oct-18,663,666.5,647.150024,649.799988,561.976746,7058164,24,10,4,2018
25-Oct-18,643,656.349976,636.25,648.75,567.178711,8270469,25,10,4,2018
26-Oct-18,645.299988,648.700012,629.900024,633.599976,553.933594,5464141,26,10,4,2018
29-Oct-18,633.700012,650.549988,631.5,644.75,563.681641,7137446,29,10,4,2018
30-Oct-18,641.099976,663.799988,637.450012,659.599976,576.664429,8793411,30,10,4,2018
31-Oct-18,663.900024,692.950012,663.049988,686.400024,600.094727,11947995,31,10,4,2018
01-Nov-18,689.700012,689.700012,659.599976,666.700012,582.871765,5860244,1,11,4,2018
02-Nov-18,665.950012,675.799988,660.099976,662.25,578.981323,6654067,2,11,4,2018
05-Nov-18,663.5,668.599976,657,666,582.259705,5799426,5,11,4,2018
06-Nov-18,667.900024,675,660.650024,666.450012,582.653137,6975525,6,11,4,2018
07-Nov-18,673,677.5,672,675.5,590.565247,758956,7,11,4,2018
09-Nov-18,679,679,655.5,659.5,576.577026,9694143,9,11,4,2018
12-Nov-18,666,676.400024,662.299988,664.200012,580.686096,7118080,12,11,4,2018
13-Nov-18,663.5,667.75,656.299988,665.700012,581.997437,4137808,13,11,4,2018
14-Nov-18,665.700012,665.700012,640.5,653.200012,571.069153,7323026,14,11,4,2018
15-Nov-18,654,666,646.700012,656.400024,573.866882,5513390,15,11,4,2018
16-Nov-18,659.900024,662.5,644.200012,650.849976,569.014526,8583785,16,11,4,2018
19-Nov-18,659,662,649.25,651.700012,569.75769,6018930,19,11,4,2018
20-Nov-18,651.700012,656,640.099976,641.400024,560.752991,5384830,20,11,4,2018
21-Nov-18,640,640.049988,612.099976,619.099976,541.256714,14359086,21,11,4,2018
22-Nov-18,622.25,628.150024,616.75,620.75,542.699219,6632975,22,11,4,2018
26-Nov-18,621,628,599.849976,621.450012,543.311279,15075209,26,11,4,2018
27-Nov-18,625.5,641,625.299988,638.900024,558.567322,12285851,27,11,4,2018
28-Nov-18,640.950012,668.700012,640,666.400024,582.609375,17719890,28,11,4,2018
29-Nov-18,671,674.900024,658.799988,661.049988,577.932251,13399070,29,11,4,2018
30-Nov-18,661,672,660.950012,667.450012,583.527405,10445773,30,11,4,2018
03-Dec-18,673.150024,679,665.950012,670.349976,586.062744,8260890,3,12,4,2018
04-Dec-18,672.549988,688.25,671.299988,685.25,599.089355,7827923,4,12,4,2018
05-Dec-18,683,683.650024,672.5,681.400024,595.723511,5177288,5,12,4,2018
06-Dec-18,676.099976,685.450012,664.549988,668.5,584.445374,8039771,6,12,4,2018
07-Dec-18,672,685.75,665.599976,682.799988,596.947449,5553948,7,12,4,2018
10-Dec-18,669.900024,683.799988,665.200012,669.200012,585.057373,5121196,10,12,4,2018
11-Dec-18,669.200012,681.900024,660.599976,674.5,589.690979,7120933,11,12,4,2018
12-Dec-18,677.099976,680.650024,670.599976,678.5,593.188049,6926183,12,12,4,2018
13-Dec-18,682,700,680,697.75,610.017578,7521474,13,12,4,2018
14-Dec-18,697.450012,713.700012,694.400024,706.049988,617.273987,9560576,14,12,4,2018
17-Dec-18,711.849976,711.849976,692.75,694.400024,607.088867,4778465,17,12,4,2018
18-Dec-18,686.5,686.5,674.549988,676.599976,591.526978,8021298,18,12,4,2018
19-Dec-18,671.549988,671.549988,661.099976,664.849976,581.254395,8295459,19,12,4,2018
20-Dec-18,660,671.549988,656.400024,667.049988,583.177734,11705260,20,12,4,2018
21-Dec-18,659.5,659.5,643.450012,646.200012,564.949402,12802132,21,12,4,2018
24-Dec-18,657,658.799988,647.599976,649,567.397278,8379825,24,12,4,2018
26-Dec-18,647,647,637.349976,644.049988,563.069641,6178552,26,12,4,2018
27-Dec-18,652.75,663.25,649,656.799988,574.216431,15333902,27,12,4,2018
28-Dec-18,663.349976,663.5,653.299988,656.950012,574.347717,4736598,28,12,4,2018
31-Dec-18,660,662,655.799988,658.950012,576.096191,3373319,31,12,4,2018
01-Jan-19,660.950012,666.299988,654.150024,665.049988,581.429138,2943390,1,1,1,2019
02-Jan-19,666,674,662.049988,669.049988,584.92627,7416655,2,1,1,2019
03-Jan-19,672,677,663.099976,669.150024,585.013672,6827249,3,1,1,2019
04-Jan-19,671.75,673.900024,651,661.049988,577.932251,7889310,4,1,1,2019
07-Jan-19,665,673.599976,661.5,671.700012,587.243103,8046340,7,1,1,2019
08-Jan-19,674.950012,677.450012,668.549988,670.049988,585.800476,8621545,8,1,1,2019
09-Jan-19,686.200012,689.799988,664,676.099976,591.089905,18130292,9,1,1,2019
10-Jan-19,681.599976,682,672.549988,679.700012,594.237061,9572493,10,1,1,2019
11-Jan-19,680.200012,685.5,672.5,683.5,597.559326,12281903,11,1,1,2019
14-Jan-19,707,710.200012,695.950012,701.900024,613.645813,19312937,14,1,1,2019
15-Jan-19,707.200012,730,707.200012,726.599976,635.240173,19671304,15,1,1,2019
16-Jan-19,729.900024,737.799988,728.5,736.799988,644.157593,9658944,16,1,1,2019
17-Jan-19,735.799988,739,729.099976,733.349976,641.141296,6903771,17,1,1,2019
18-Jan-19,730,736.200012,726.299988,730.950012,639.043152,5902151,18,1,1,2019
21-Jan-19,738.200012,751,734,745,651.326599,8129422,21,1,1,2019
22-Jan-19,741.25,749,734,745.349976,651.632629,6723375,22,1,1,2019
23-Jan-19,742.349976,742.599976,729.200012,731.650024,639.655212,7212099,23,1,1,2019
24-Jan-19,728.099976,736.099976,721,732,643.479126,7429783,24,1,1,2019
25-Jan-19,728,737.900024,724.25,730.349976,642.028625,5543112,25,1,1,2019
28-Jan-19,731,732.599976,719,727.950012,639.918823,7944693,28,1,1,2019
29-Jan-19,725.5,732.849976,716.5,727.900024,639.875,6760819,29,1,1,2019
30-Jan-19,727.900024,734.799988,721.099976,725.900024,638.11676,5763026,30,1,1,2019
31-Jan-19,726,751.299988,726,749.549988,658.906738,13825233,31,1,1,2019
01-Feb-19,751.349976,762.5,744.5,757.049988,665.499939,6276585,1,2,1,2019
04-Feb-19,757,762.5,749.200012,755.900024,664.489014,3945391,4,2,1,2019
05-Feb-19,747,759.950012,747,754.849976,663.565857,4694366,5,2,1,2019
06-Feb-19,755.549988,766.950012,754.349976,763.299988,670.994019,5880482,6,2,1,2019
07-Feb-19,763.049988,769.450012,761,764,671.609314,3961797,7,2,1,2019
08-Feb-19,760,772.25,754.900024,760.900024,668.884277,5915169,8,2,1,2019
11-Feb-19,766.900024,768.75,759,762.799988,670.554565,5500216,11,2,1,2019
12-Feb-19,760.349976,760.349976,741,750.450012,659.698059,7310690,12,2,1,2019
14-Feb-19,751,753,737.25,740.049988,650.555603,4610535,14,2,1,2019
15-Feb-19,742.299988,746.5,732.599976,741.950012,652.225952,5586389,15,2,1,2019
18-Feb-19,742.349976,747.650024,736,741.049988,651.434692,5346825,18,2,1,2019
19-Feb-19,739.099976,740.549988,721.299988,724.299988,636.710266,9401334,19,2,1,2019
20-Feb-19,727,743,726.049988,740.700012,651.127075,5210675,20,2,1,2019
21-Feb-19,738,738,727.099976,733.450012,644.753845,7202786,21,2,1,2019
22-Feb-19,732.5,738.200012,728,734.950012,646.07251,3750833,22,2,1,2019
25-Feb-19,735.549988,758,735.549988,754.900024,663.609863,6547552,25,2,1,2019
26-Feb-19,748.599976,752.599976,740.150024,742.5,652.709412,8319610,26,2,1,2019
27-Feb-19,745,746.400024,732.75,735.25,646.336243,5936354,27,2,1,2019
28-Feb-19,738.700012,742.400024,732.299988,734.299988,645.500977,8559921,28,2,1,2019
01-Mar-19,735.5,743.400024,735.5,741.900024,652.181946,3998826,1,3,1,2019
05-Mar-19,740.5,742.5,730.25,732.5,643.918701,4826505,5,3,1,2019
06-Mar-19,736.099976,736.099976,727,732.5,643.918701,6076668,6,3,1,2019
07-Mar-19,734,734.5,720.549988,722.950012,635.52356,5951551,7,3,1,2019
08-Mar-19,722.950012,722.950012,710.650024,712.349976,626.205505,7193994,8,3,1,2019
11-Mar-19,713.299988,718.5,709.400024,711.25,625.238403,9932198,11,3,1,2019
12-Mar-19,709,714.950012,705.599976,706.950012,621.458435,11997387,12,3,1,2019
13-Mar-19,710,718.599976,706.299988,708.450012,622.777039,11348867,13,3,1,2019
14-Mar-19,714,714.900024,706.200012,708.349976,622.689148,6415187,14,3,1,2019
15-Mar-19,712,723.75,709.599976,718.549988,631.655701,14638664,15,3,1,2019
18-Mar-19,721.549988,723.700012,705.349976,710.200012,624.315552,8065544,18,3,1,2019
19-Mar-19,712.799988,726.5,707.400024,722.25,634.908264,8917337,19,3,1,2019
20-Mar-19,727.25,742.299988,727.150024,738.950012,649.588684,13471173,20,3,1,2019
22-Mar-19,745,746.349976,732.299988,743.099976,653.236877,8883260,22,3,1,2019
25-Mar-19,742.400024,742.400024,730.549988,735.25,646.336243,7644966,25,3,1,2019
26-Mar-19,735.25,735.25,719.099976,727.75,639.743042,9406261,26,3,1,2019
27-Mar-19,730,732.299988,727.150024,729.700012,641.457275,7387487,27,3,1,2019
28-Mar-19,730,745,730,737.799988,648.57782,9277241,28,3,1,2019
01-Apr-19,742,760,742,755.099976,663.785706,6584982,1,4,2,2019
02-Apr-19,759,765.799988,754.599976,759.400024,667.565674,7283600,2,4,2,2019
03-Apr-19,756,758.5,746.799988,753.299988,662.203308,6897127,3,4,2,2019
04-Apr-19,751.400024,753.799988,745.099976,747.900024,657.456299,7688525,4,4,2,2019
05-Apr-19,750.900024,760.950012,748,759.299988,667.477783,6276040,5,4,2,2019
08-Apr-19,763.049988,770,755.400024,767.25,674.46637,4919911,8,4,2,2019
09-Apr-19,770,773,758.200012,760.599976,668.620667,6730692,9,4,2,2019
10-Apr-19,764,766.700012,751.299988,752.700012,661.675903,7031088,10,4,2,2019
11-Apr-19,751.75,751.75,740.049988,742.700012,652.885193,8200995,11,4,2,2019
12-Apr-19,743.099976,751.549988,740.599976,747.75,657.324463,7043212,12,4,2,2019
15-Apr-19,724.700012,731.349976,712.599976,727.5,639.523315,31574803,15,4,2,2019
16-Apr-19,727.900024,727.900024,714.099976,724.099976,636.534424,12524411,16,4,2,2019
18-Apr-19,722.5,722.5,712.75,717.049988,630.337036,13801105,18,4,2,2019
22-Apr-19,717.049988,725.75,715,721.049988,633.853333,6455426,22,4,2,2019
23-Apr-19,723.900024,730,718.400024,728.200012,640.138672,5516668,23,4,2,2019
24-Apr-19,728.200012,737.900024,724,736.450012,647.390991,8285120,24,4,2,2019
25-Apr-19,736.450012,737.650024,727.049988,728.549988,640.446289,8005235,25,4,2,2019
26-Apr-19,731,739.799988,729,738,648.753601,6895168,26,4,2,2019
30-Apr-19,738,753.799988,738,751.349976,660.489197,9920046,30,4,2,2019
02-May-19,747,748.400024,729.5,730.799988,642.424316,6351352,2,5,2,2019
03-May-19,722.900024,731,718.200012,723.599976,636.09491,6348116,3,5,2,2019
06-May-19,715,721.799988,710.650024,718.400024,631.523926,8858265,6,5,2,2019
07-May-19,720.400024,727.900024,718.700012,724.549988,636.930115,5747536,7,5,2,2019
08-May-19,721,726,716.5,719.349976,632.358948,6247642,8,5,2,2019
09-May-19,719.150024,730.299988,715.799988,721.049988,633.853333,7396525,9,5,2,2019
10-May-19,720.799988,726,715,716.849976,630.161194,8352335,10,5,2,2019
13-May-19,716.549988,726.450012,712.099976,719.700012,632.666565,6808993,13,5,2,2019
14-May-19,716.5,717.75,703.599976,713.849976,627.523987,10513001,14,5,2,2019
15-May-19,714.900024,725.200012,712.599976,716.099976,629.501892,6668929,15,5,2,2019
16-May-19,720,737,719.099976,733.099976,644.446167,6468556,16,5,2,2019
17-May-19,733.150024,735.799988,720.099976,723.900024,636.358704,8155948,17,5,2,2019
20-May-19,719.700012,726.400024,706,722.400024,635.0401,11213708,20,5,2,2019
21-May-19,722.650024,722.650024,707.700012,709.299988,623.524292,8645535,21,5,2,2019
22-May-19,710,718.25,707,709.75,623.9198,5795713,22,5,2,2019
23-May-19,715,716.700012,697.450012,701.049988,616.271973,7233736,23,5,2,2019
24-May-19,703.799988,711.75,700.450012,709.200012,623.43634,7016424,24,5,2,2019
27-May-19,707.400024,713.799988,705.5,708.099976,622.469299,10247544,27,5,2,2019
28-May-19,712,733.450012,709.799988,728.099976,640.050659,23860490,28,5,2,2019
29-May-19,725.5,733.650024,723.650024,727.799988,639.786987,10293077,29,5,2,2019
30-May-19,727,737.25,722.549988,733.549988,644.841675,15089296,30,5,2,2019
31-May-19,736.5,742.950012,733.200012,737.75,648.533813,8290306,31,5,2,2019
03-Jun-19,729.799988,750.900024,729,744.650024,654.599304,7744761,3,6,2,2019
04-Jun-19,737.25,739.450012,733.150024,735.299988,646.380066,11733702,4,6,2,2019
06-Jun-19,736.5,744.650024,733.650024,735.599976,646.643738,7563925,6,6,2,2019
07-Jun-19,735.849976,743.950012,735.849976,739.099976,649.720581,3218358,7,6,2,2019
10-Jun-19,740.099976,754.099976,740.099976,753.5,662.37915,4435148,10,6,2,2019
11-Jun-19,755,759,750.5,754.900024,663.609863,5733127,11,6,2,2019
12-Jun-19,756.950012,756.950012,745,753.799988,662.642883,8738342,12,6,2,2019
13-Jun-19,740,747.200012,740,742.650024,662.063416,4808577,13,6,2,2019
14-Jun-19,743.849976,745.5,738.25,740.450012,660.102112,5556353,14,6,2,2019
17-Jun-19,743,744.5,737.799988,740.549988,660.191223,3085588,17,6,2,2019
18-Jun-19,740.200012,752.450012,740.200012,750.150024,668.749573,6202838,18,6,2,2019
19-Jun-19,752.5,755.400024,748.599976,751.900024,670.309631,4596253,19,6,2,2019
20-Jun-19,737.799988,756.900024,735.900024,754.900024,672.984253,7148684,20,6,2,2019
21-Jun-19,755,755,747.150024,750.200012,668.794128,13200318,21,6,2,2019
24-Jun-19,751.900024,751.900024,742.650024,745.5,664.604187,4758178,24,6,2,2019
25-Jun-19,744,750.900024,737.299988,748.099976,666.921997,3677911,25,6,2,2019
26-Jun-19,743,751.450012,738,739.200012,658.987732,5447130,26,6,2,2019
27-Jun-19,742,744.700012,728.150024,730.549988,651.276428,11122346,27,6,2,2019
28-Jun-19,735.5,739.5,728.5,732,652.569031,5919494,28,6,2,2019
01-Jul-19,735,737.5,729.849976,731.299988,651.944946,3224968,1,7,3,2019
02-Jul-19,734,741.650024,730.099976,740,659.700989,4837606,2,7,3,2019
03-Jul-19,741,743.200012,730,731.299988,651.944946,5958379,3,7,3,2019
04-Jul-19,729,736.400024,728.599976,733.799988,654.173706,3274064,4,7,3,2019
05-Jul-19,735,736.400024,713.5,718,640.088257,4926289,5,7,3,2019
08-Jul-19,716.450012,724.950012,712.299988,717.599976,639.731567,7177092,8,7,3,2019
09-Jul-19,718,719.849976,709.049988,715.5,637.859497,5022638,9,7,3,2019
10-Jul-19,709,722.700012,706.5,717.25,639.419556,7573816,10,7,3,2019
11-Jul-19,719.450012,723.5,709.599976,721.5,643.208435,6252688,11,7,3,2019
12-Jul-19,722.5,730.599976,719.599976,726.75,647.888855,7874441,12,7,3,2019
15-Jul-19,763,781.650024,754.200012,779.349976,694.781067,31064152,15,7,3,2019
16-Jul-19,777,787.799988,776,784.849976,699.684204,9924322,16,7,3,2019
17-Jul-19,783.900024,795,776.75,794.150024,707.975037,6754348,17,7,3,2019
18-Jul-19,789.049988,798.5,786.200012,792.700012,706.682434,6534471,18,7,3,2019
19-Jul-19,788.700012,794.5,781.25,785.400024,700.174561,6812754,19,7,3,2019
22-Jul-19,785.950012,792,782.049988,784.400024,699.28302,7107151,22,7,3,2019
23-Jul-19,787,804,785.549988,790.049988,704.319885,10782564,23,7,3,2019
24-Jul-19,788,793.75,783.599976,786.299988,700.976868,5745146,24,7,3,2019
25-Jul-19,788.25,800.200012,787.650024,794.5,708.287109,9773568,25,7,3,2019
26-Jul-19,792.299988,795,782.200012,787,701.600891,4941763,26,7,3,2019
29-Jul-19,789.5,796.950012,786.200012,791.450012,705.567993,6244316,29,7,3,2019
30-Jul-19,791.900024,797.799988,788.549988,792.700012,706.682434,8673253,30,7,3,2019
31-Jul-19,790.849976,799.799988,781.599976,793.650024,707.529358,7350584,31,7,3,2019
01-Aug-19,786.450012,788.400024,764.400024,768.849976,685.42041,10066407,1,8,3,2019
02-Aug-19,765.049988,779.900024,762.25,775.599976,691.437988,10838336,2,8,3,2019
05-Aug-19,772.599976,785.900024,768.650024,776.700012,692.418579,9976238,5,8,3,2019
06-Aug-19,778.799988,783.700012,769.799988,774.450012,690.41272,9331718,6,8,3,2019
07-Aug-19,778.900024,783.450012,772.349976,776.099976,691.883667,5130457,7,8,3,2019
08-Aug-19,782.700012,792.75,781.25,788.75,703.161011,8009009,8,8,3,2019
09-Aug-19,792,796.75,784.799988,789.849976,704.141541,4362520,9,8,3,2019
13-Aug-19,784.150024,786,760.150024,764.75,681.76532,7517099,13,8,3,2019
14-Aug-19,775.099976,778.25,768,774.799988,690.724792,5940968,14,8,3,2019
16-Aug-19,780,780.049988,762.5,774.549988,690.501831,5128088,16,8,3,2019
19-Aug-19,775.599976,783,773.349976,777.650024,693.265503,3881451,19,8,3,2019
20-Aug-19,785.200012,798,783.849976,792.75,706.72699,8435344,20,8,3,2019
21-Aug-19,793,803.75,793,799.450012,712.699951,5926896,21,8,3,2019
22-Aug-19,799.900024,801.299988,792.349976,795.700012,709.356812,5222488,22,8,3,2019
23-Aug-19,796.450012,809.950012,795.799988,802.200012,715.15155,6895015,23,8,3,2019
26-Aug-19,795.900024,806.799988,786.900024,802.549988,715.463623,5412074,26,8,3,2019
27-Aug-19,791,794.950012,781.099976,784.650024,699.50592,16061642,27,8,3,2019
28-Aug-19,787.400024,805,786.299988,802.5,715.419006,5881134,28,8,3,2019
29-Aug-19,795.5,809.700012,795.5,806.950012,719.386047,7830413,29,8,3,2019
30-Aug-19,810,817.349976,802,814.900024,726.473389,8174186,30,8,3,2019
03-Sep-19,815,822.400024,812.049988,814.25,725.894043,5647088,3,9,3,2019
04-Sep-19,810.75,822.450012,810.25,821.299988,732.178833,6199015,4,9,3,2019
05-Sep-19,830.099976,837.5,826.650024,834.049988,743.545349,7926895,5,9,3,2019
06-Sep-19,843.299988,847,835.049988,840.150024,748.983459,6106841,6,9,3,2019
09-Sep-19,836.799988,840.299988,827.549988,829.099976,739.132507,4377870,9,9,3,2019
11-Sep-19,822.299988,828.549988,814.150024,820.099976,731.109131,7981036,11,9,3,2019
12-Sep-19,816.400024,819.849976,810.849976,816.400024,727.810608,4400017,12,9,3,2019
13-Sep-19,818.099976,831.049988,817.5,829.299988,739.31073,4832021,13,9,3,2019
16-Sep-19,832.049988,837.950012,820.549988,827.700012,737.884399,4846496,16,9,3,2019
17-Sep-19,831.5,835,820.549988,831.25,741.049194,5540901,17,9,3,2019
18-Sep-19,829.900024,832.950012,824,829.849976,739.801147,3199389,18,9,3,2019
19-Sep-19,824.849976,827,815.200012,820.700012,731.644043,6601607,19,9,3,2019
20-Sep-19,822.900024,835,802,805,717.647766,22462366,20,9,3,2019
23-Sep-19,806.900024,806.900024,741.900024,764.349976,681.40863,17279260,23,9,3,2019
24-Sep-19,765,798.650024,765,794.049988,707.885925,13717998,24,9,3,2019
25-Sep-19,787.700012,801,781.650024,792.650024,706.637817,9313576,25,9,3,2019
26-Sep-19,787.75,797,778.099976,782.549988,697.633728,18442824,26,9,3,2019
27-Sep-19,787.049988,794.25,780.099976,782.200012,697.321777,5087642,27,9,3,2019
30-Sep-19,785.099976,808,784.150024,805.650024,718.227173,8178091,30,9,3,2019
01-Oct-19,807,807.549988,791.549988,793.549988,707.440125,5881438,1,10,4,2019
03-Oct-19,792.549988,797.849976,784.150024,785.599976,700.352905,5497672,3,10,4,2019
04-Oct-19,790,797.599976,787.049988,793.450012,707.351013,8201713,4,10,4,2019
07-Oct-19,794.849976,802,786.099976,789.549988,703.874207,3679845,7,10,4,2019
09-Oct-19,795.450012,795.900024,778.799988,783.650024,698.614502,6335025,9,10,4,2019
10-Oct-19,785.400024,794.700012,776.599976,783.049988,698.079529,10402917,10,10,4,2019
11-Oct-19,781.5,823.799988,776.599976,814.799988,726.384216,20636344,11,10,4,2019
14-Oct-19,786.75,797,780,786.099976,700.798462,15150858,14,10,4,2019
15-Oct-19,773.099976,775.950012,765,768.299988,684.930054,13762133,15,10,4,2019
16-Oct-19,765.25,775.950012,761.549988,771.450012,687.738281,10767032,16,10,4,2019
17-Oct-19,767,770.549988,765.099976,769.5,685.999878,9860495,17,10,4,2019
18-Oct-19,763.799988,773.799988,760,767.849976,684.528931,10037200,18,10,4,2019
22-Oct-19,691.099976,691.099976,638.349976,643.549988,579.757324,90152532,22,10,4,2019
23-Oct-19,630,656.650024,615.099976,650.599976,593.486084,60516887,23,10,4,2019
24-Oct-19,650,653.200012,632,635.349976,579.574829,25666433,24,10,4,2019
25-Oct-19,647,652.5,636,637.450012,581.490479,16549337,25,10,4,2019
27-Oct-19,651.099976,652.5,645.549988,648.849976,591.889648,2945281,27,10,4,2019
29-Oct-19,651,653.75,647,650.650024,593.531738,16709764,29,10,4,2019
30-Oct-19,660.400024,671.400024,656.200012,660.599976,602.608215,22879467,30,10,4,2019
31-Oct-19,668.400024,695.450012,666.099976,685.599976,625.413574,27405901,31,10,4,2019
01-Nov-19,690,694,682.599976,687.900024,627.511658,9713519,1,11,4,2019
04-Nov-19,681.799988,732.5,678.150024,709,646.759277,29381982,4,11,4,2019
05-Nov-19,708.75,708.75,691.5,696.099976,634.99176,12897805,5,11,4,2019
06-Nov-19,695.799988,721.5,692,712.299988,649.769714,21372589,6,11,4,2019
07-Nov-19,717,724.349976,712.099976,720.099976,656.884888,13733737,7,11,4,2019
08-Nov-19,722,724.25,705.5,708.150024,645.984009,8585630,8,11,4,2019
11-Nov-19,698.900024,707.200012,698,704.400024,642.563171,6951494,11,11,4,2019
13-Nov-19,696.5,700,687.75,691.349976,630.658691,9973690,13,11,4,2019
14-Nov-19,696.349976,709.799988,696.349976,705.299988,643.384155,10539902,14,11,4,2019
15-Nov-19,709.049988,712.950012,702.299988,703.900024,642.107178,7362623,15,11,4,2019
18-Nov-19,705,710,699.299988,705.200012,643.292908,7490916,18,11,4,2019
19-Nov-19,709.900024,714,705,712.849976,650.271301,6495885,19,11,4,2019
20-Nov-19,712.799988,715,705,713,650.408264,6142171,20,11,4,2019
21-Nov-19,715.5,721.450012,710.5,713.25,650.63623,9692973,21,11,4,2019
22-Nov-19,711.75,712,685.099976,693.200012,632.346436,14415826,22,11,4,2019
25-Nov-19,693.349976,705.150024,693.200012,698.099976,636.816162,7334511,25,11,4,2019
26-Nov-19,705,707.25,686,690.599976,629.974548,27253106,26,11,4,2019
27-Nov-19,694.25,697.650024,690.099976,695.75,634.672546,3861635,27,11,4,2019
28-Nov-19,699.099976,703.349976,694.049988,701.849976,640.237,4837683,28,11,4,2019
29-Nov-19,700.900024,702.299988,691.549988,696.349976,635.219849,4262379,29,11,4,2019
02-Dec-19,703.099976,704,690.299988,692.700012,631.89032,9383736,2,12,4,2019
03-Dec-19,692.700012,699.700012,688.549988,698.349976,637.044312,5239013,3,12,4,2019
04-Dec-19,697,710.5,693.349976,708.849976,646.62262,7427886,4,12,4,2019
05-Dec-19,706.450012,715.900024,703.799988,714.849976,652.095825,4814422,5,12,4,2019
06-Dec-19,715.950012,720,709.599976,715.099976,652.323853,5226096,6,12,4,2019
09-Dec-19,716,722.349976,714.25,717.25,654.285156,6435865,9,12,4,2019
10-Dec-19,713,718.5,710,714.549988,651.822144,4457939,10,12,4,2019
11-Dec-19,716.599976,722.700012,713,721.049988,657.751587,6043554,11,12,4,2019
12-Dec-19,718.5,720.700012,699.549988,702.099976,640.465088,11112042,12,12,4,2019
13-Dec-19,700.349976,712.900024,700.349976,711.299988,648.857422,10302412,13,12,4,2019
16-Dec-19,712.299988,720.200012,710.200012,714,651.320435,5616324,16,12,4,2019
17-Dec-19,719.700012,731.25,715,729.700012,665.642151,10525565,17,12,4,2019
18-Dec-19,731,737.299988,722.75,732.450012,668.150757,12215295,18,12,4,2019
19-Dec-19,733.5,735.950012,724.599976,730.849976,666.691223,7199210,19,12,4,2019
20-Dec-19,731,735,728.25,731.549988,667.329712,7794167,20,12,4,2019
23-Dec-19,732.150024,737.299988,731.650024,736,671.389099,4975608,23,12,4,2019
24-Dec-19,736.950012,736.950012,728.299988,733.400024,669.017395,2890759,24,12,4,2019
26-Dec-19,732,734.549988,726.549988,728.950012,664.958069,3821806,26,12,4,2019
27-Dec-19,729.75,737.5,728.849976,736.950012,672.255798,3399094,27,12,4,2019
30-Dec-19,736.099976,737.950012,727.25,732.900024,668.561279,5368416,30,12,4,2019
31-Dec-19,729.700012,737.75,725.450012,731.150024,666.964905,6927885,31,12,4,2019
01-Jan-20,735,740,732.549988,736.849976,672.164429,2112415,1,1,1,2020
02-Jan-20,738.900024,740.799988,730.900024,734.700012,670.203247,5658200,2,1,1,2020
03-Jan-20,733.900024,748,733.900024,746,680.511292,7882938,3,1,1,2020
06-Jan-20,746.099976,753.799988,736.5,738.849976,673.988892,6519403,6,1,1,2020
07-Jan-20,738,742.599976,725.099976,727.900024,664.000183,7899363,7,1,1,2020
08-Jan-20,724.950012,729,708.299988,718.200012,655.151733,8639443,8,1,1,2020
09-Jan-20,721.700012,731.5,714.299988,727.549988,663.680969,13521186,9,1,1,2020
10-Jan-20,740.450012,742.900024,730.5,738.150024,673.350403,9341405,10,1,1,2020
13-Jan-20,760,777.5,755,773.549988,705.642761,36952038,13,1,1,2020
14-Jan-20,769.950012,776.950012,767.200012,775.650024,707.55835,11414418,14,1,1,2020
15-Jan-20,773.849976,773.849976,762.150024,767.549988,700.169434,6047430,15,1,1,2020
16-Jan-20,770.700012,772.5,760.25,767,699.667725,5740586,16,1,1,2020
17-Jan-20,770.700012,772.900024,762.25,767.849976,700.443115,3762957,17,1,1,2020
20-Jan-20,771.599976,774.400024,762.950012,768.450012,700.990479,3887680,20,1,1,2020
21-Jan-20,768.450012,770.5,760.75,762.5,695.562805,4448374,21,1,1,2020
22-Jan-20,768.450012,778,766,770.200012,702.586914,9733935,22,1,1,2020
23-Jan-20,777.099976,785.5,776.700012,784.349976,715.494568,12528017,23,1,1,2020
24-Jan-20,775.75,786.5,773.599976,782.75,714.035156,7540490,24,1,1,2020
27-Jan-20,779.049988,784.799988,774.400024,778.099976,709.793335,3741610,27,1,1,2020
28-Jan-20,781,781.799988,772,778,709.702087,5121009,28,1,1,2020
29-Jan-20,786.599976,792.799988,784.25,789.700012,720.375,6832757,29,1,1,2020
30-Jan-20,789.700012,789.700012,778,780.700012,712.165161,3859680,30,1,1,2020
31-Jan-20,780.549988,784.950012,771.599976,775.950012,707.832031,6092028,31,1,1,2020
03-Feb-20,782,790.950012,764.5,767.400024,700.032654,6416745,3,2,1,2020
04-Feb-20,770.099976,789.900024,770.099976,787.849976,718.687439,5771311,4,2,1,2020
05-Feb-20,781,786,774.400024,784.549988,715.677063,6310409,5,2,1,2020
06-Feb-20,784.349976,786.799988,770,771.349976,703.635864,7341622,6,2,1,2020
07-Feb-20,775.950012,778.849976,771,777.299988,709.063599,2853344,7,2,1,2020
10-Feb-20,774,778,769.75,773.200012,705.323486,3827682,10,2,1,2020
11-Feb-20,779,779.099976,769.200012,773.549988,705.642761,4312817,11,2,1,2020
12-Feb-20,775.799988,783.25,775.099976,781.049988,712.484375,2948825,12,2,1,2020
13-Feb-20,785,794,782.200012,792.25,722.701111,4387430,13,2,1,2020
14-Feb-20,794.5,799.200012,784.599976,786.450012,717.410339,5321680,14,2,1,2020
17-Feb-20,790.299988,793.450012,783.299988,789.450012,720.147034,2929629,17,2,1,2020
18-Feb-20,785,799.049988,783.650024,797.650024,727.627075,5083346,18,2,1,2020
19-Feb-20,800,804.849976,796.150024,800.450012,730.181335,3985192,19,2,1,2020
20-Feb-20,803.25,806.099976,793.849976,797,727.034119,4564569,20,2,1,2020
24-Feb-20,800.099976,811.599976,792.150024,795.849976,725.985107,6627536,24,2,1,2020
25-Feb-20,799,806,795.400024,798.400024,728.311218,6996695,25,2,1,2020
26-Feb-20,793.950012,801.450012,780.5,782.75,714.035156,8760569,26,2,1,2020
27-Feb-20,778,780.75,772.200012,777.849976,709.565186,5223386,27,2,1,2020
28-Feb-20,750,756.799988,722.049988,731.700012,667.466675,14123957,28,2,1,2020
02-Mar-20,737,765.900024,733.75,741.049988,675.995789,9821523,2,3,1,2020
03-Mar-20,755,759,741.25,747,681.423462,7826587,3,3,1,2020
04-Mar-20,753.900024,761.5,745.549988,758.75,692.141968,11013444,4,3,1,2020
05-Mar-20,763.75,773.549988,751.75,754.599976,688.356323,7755293,5,3,1,2020
06-Mar-20,741,744,729.099976,738.950012,674.0802,9216022,6,3,1,2020
09-Mar-20,724.5,725.849976,697,704.450012,642.608765,10308654,9,3,1,2020
11-Mar-20,690.650024,695.950012,669.049988,686,625.778442,16165009,11,3,1,2020
12-Mar-20,668,670,627.5,631.200012,575.789185,13965574,12,3,1,2020
13-Mar-20,592,667,570,642.349976,585.960327,16903113,13,3,1,2020
16-Mar-20,622,622.150024,580,583.150024,531.957275,19140152,16,3,1,2020
17-Mar-20,588.099976,592,550,554.950012,506.23291,16059887,17,3,1,2020
18-Mar-20,568,578,528,534.299988,487.39563,15390183,18,3,1,2020
19-Mar-20,509.25,558,509.25,545.549988,497.65802,16583991,19,3,1,2020
20-Mar-20,549.5,617.450012,548,585.200012,533.827332,21354894,20,3,1,2020
23-Mar-20,540,560.950012,515.900024,526.450012,480.234802,17146150,23,3,1,2020
24-Mar-20,522,601.150024,522,589.799988,538.02356,20027097,24,3,1,2020
25-Mar-20,597,635,565.700012,606.200012,552.983765,18339548,25,3,1,2020
26-Mar-20,615,650.849976,612.099976,643,586.553284,14843813,26,3,1,2020
27-Mar-20,665.049988,674.900024,642.25,652.700012,595.401855,13495283,27,3,1,2020
30-Mar-20,625.099976,663.5,621.099976,626.700012,571.684143,14624804,30,3,1,2020
31-Mar-20,650,662,633.700012,641.5,585.184937,15175521,31,3,1,2020
01-Apr-20,634.349976,637.5,594,602.799988,549.882324,13083824,1,4,2,2020
03-Apr-20,603.5,606,582.150024,585.700012,534.283386,10221655,3,4,2,2020
07-Apr-20,615,644.25,612.900024,639,582.904419,15145605,7,4,2,2020
08-Apr-20,630,655.650024,626.349976,631.599976,576.153931,11806896,8,4,2,2020
09-Apr-20,646.799988,652.799988,632.099976,636.25,580.395874,11931114,9,4,2,2020
13-Apr-20,629,651.700012,626.049988,637.400024,581.444885,8330276,13,4,2,2020
15-Apr-20,651.400024,653.299988,635.599976,639.049988,582.950012,11963447,15,4,2,2020
16-Apr-20,619.950012,634.900024,603.5,623.849976,569.084351,17783287,16,4,2,2020
17-Apr-20,644,646,626,628.75,573.55426,8878320,17,4,2,2020
20-Apr-20,640,661,639,653.299988,595.949036,13322913,20,4,2,2020
21-Apr-20,627.799988,646.5,627.799988,633.200012,577.613586,11660575,21,4,2,2020
22-Apr-20,633.200012,645,628.049988,641.849976,585.504211,8266728,22,4,2,2020
23-Apr-20,647.049988,683.650024,638.099976,679.299988,619.666626,14451289,23,4,2,2020
24-Apr-20,668.549988,675,654.799988,658,600.236511,7319940,24,4,2,2020
27-Apr-20,661.049988,681,661.049988,664.599976,606.257019,7183306,27,4,2,2020
28-Apr-20,673,677,653.049988,660.700012,602.699524,7296571,28,4,2,2020
29-Apr-20,666,682,658,676.549988,617.15802,8639056,29,4,2,2020
30-Apr-20,700,720,698.099976,715.5,652.688721,16253821,30,4,2,2020
04-May-20,689.799988,701.200012,670.349976,673.700012,614.558105,9122740,4,5,2,2020
05-May-20,681.75,685.599976,670,673.700012,614.558105,6393053,5,5,2,2020
06-May-20,676.900024,681.450012,664.049988,665.900024,607.442993,7934250,6,5,2,2020
07-May-20,665.549988,674.349976,662.450012,664.950012,606.576416,4779548,7,5,2,2020
08-May-20,672.25,680.900024,668.5,674.200012,615.014282,8400321,8,5,2,2020
11-May-20,682.5,698.549988,678,682.900024,622.9505,7370186,11,5,2,2020
12-May-20,678.5,691,675.5,687.650024,627.28363,7356039,12,5,2,2020
13-May-20,694.799988,699.900024,683.75,694.150024,633.213013,8287101,13,5,2,2020
14-May-20,659,671.75,652.599976,658.150024,600.373291,16888262,14,5,2,2020
15-May-20,664.799988,664.799988,646.700012,652.299988,595.036865,9255353,15,5,2,2020
18-May-20,659.849976,670.549988,653,663.900024,605.61853,10435442,18,5,2,2020
19-May-20,664,674.799988,655,668.599976,609.906006,5902208,19,5,2,2020
20-May-20,668.5,673,659.650024,669.549988,610.772522,5794636,20,5,2,2020
21-May-20,666.5,679.450012,665.400024,672.200012,613.18988,7213225,21,5,2,2020
22-May-20,675,695.849976,673.5,692.349976,631.570923,11867731,22,5,2,2020
26-May-20,693,699.450012,679,680.549988,620.806946,7099606,26,5,2,2020
27-May-20,686.049988,709.200012,675,705.450012,643.520996,8774636,27,5,2,2020
28-May-20,707,710,690,707.400024,645.299805,9440091,28,5,2,2020
29-May-20,692.5,700.799988,674.950012,691,638.919739,28290128,29,5,2,2020
01-Jun-20,698.75,706.650024,691.5,699.549988,646.825439,12276438,1,6,2,2020
02-Jun-20,700.5,711.650024,697.549988,708.099976,654.731079,7059304,2,6,2,2020
03-Jun-20,710.700012,711.900024,696,701.549988,648.674683,11378568,3,6,2,2020
04-Jun-20,702,709.450012,697.5,707.75,654.407532,10782424,4,6,2,2020
05-Jun-20,707,711.700012,700.599976,703.549988,650.524048,7718679,5,6,2,2020
08-Jun-20,707.650024,725.799988,704,720.849976,666.520081,10719105,8,6,2,2020
09-Jun-20,720,729.599976,715.049988,717.599976,663.515015,10078029,9,6,2,2020
10-Jun-20,715,719.450012,709.200012,715.849976,661.896912,7263049,10,6,2,2020
11-Jun-20,712,713.400024,700.25,703.950012,650.89386,8825715,11,6,2,2020
12-Jun-20,675.799988,695.150024,675.5,692.049988,639.890747,9795316,12,6,2,2020
15-Jun-20,693,704.400024,685.25,687.549988,635.729858,7857344,15,6,2,2020
16-Jun-20,702,712,699.150024,701.200012,648.351135,10131760,16,6,2,2020
17-Jun-20,699.900024,710.299988,698,703.650024,650.616455,7291916,17,6,2,2020
18-Jun-20,708.200012,716.599976,706,713.900024,660.093872,6670195,18,6,2,2020
19-Jun-20,709,711.900024,701,705.549988,652.373169,22438862,19,6,2,2020
22-Jun-20,707.099976,708.700012,700,703.700012,650.66272,7804096,22,6,2,2020
23-Jun-20,695.700012,724.5,692.099976,720.650024,666.335266,12157390,23,6,2,2020
24-Jun-20,716.900024,726.799988,709.400024,714.150024,660.325073,10220838,24,6,2,2020
25-Jun-20,704.849976,705.599976,693.5,700.5,647.703857,14945284,25,6,2,2020
26-Jun-20,710.200012,751.599976,710,748.200012,691.808838,26030458,26,6,2,2020
29-Jun-20,735.400024,744.700012,730.099976,731.75,676.598511,8954428,29,6,2,2020
30-Jun-20,732.799988,738.950012,724.25,735.950012,680.482056,10411290,30,6,2,2020
01-Jul-20,737.25,742.299988,729.75,731.900024,676.737244,5477468,1,7,3,2020
02-Jul-20,737.349976,765.450012,735.400024,756.599976,699.575684,17263756,2,7,3,2020
03-Jul-20,755,764,752.5,762.700012,705.216003,7796572,3,7,3,2020
06-Jul-20,765.200012,775,761.5,764,706.417908,8810958,6,7,3,2020
07-Jul-20,769.400024,796.950012,765.549988,794.150024,734.295593,19362533,7,7,3,2020
08-Jul-20,784.900024,784.900024,772.200012,774.700012,716.311462,8476642,8,7,3,2020
09-Jul-20,780,790,775,781.700012,722.783875,6854166,9,7,3,2020
10-Jul-20,773.5,789.900024,773.5,781.849976,722.922546,5206452,10,7,3,2020
13-Jul-20,788,805.349976,786.049988,797.049988,736.976929,10804688,13,7,3,2020
14-Jul-20,792.950012,806.400024,781.349976,783.25,724.217041,8961822,14,7,3,2020
15-Jul-20,799,848.450012,794.799988,830.950012,768.322021,30060599,15,7,3,2020
16-Jul-20,900.099976,955.5,894.25,911,842.338501,90432109,16,7,3,2020
17-Jul-20,911,919.900024,892.150024,903.150024,835.080322,31682878,17,7,3,2020
20-Jul-20,908.5,945,906.75,934.299988,863.882568,18421053,20,7,3,2020
21-Jul-20,945,949.700012,929.200012,936.75,866.147888,12877784,21,7,3,2020
22-Jul-20,938.950012,939,910,917.900024,848.718567,14354201,22,7,3,2020
23-Jul-20,915.650024,915.799988,900.650024,907.950012,839.518555,13051307,23,7,3,2020
24-Jul-20,903.25,925.75,903.25,922.849976,853.295471,18209580,24,7,3,2020
27-Jul-20,921.549988,952.799988,918.650024,948.450012,876.966125,16827870,27,7,3,2020
28-Jul-20,946,967.549988,941.200012,962.849976,890.280701,15818463,28,7,3,2020
29-Jul-20,953.25,960,943.599976,954.150024,882.23645,11152710,29,7,3,2020
30-Jul-20,962,972.650024,958.75,961.450012,888.986267,12492320,30,7,3,2020
31-Jul-20,969.25,986.450012,953.299988,966,893.193298,12704346,31,7,3,2020
03-Aug-20,960,965.400024,947.450012,956.900024,884.779236,8479792,3,8,3,2020
04-Aug-20,960.450012,970.700012,940.549988,949.849976,878.260498,11133170,4,8,3,2020
05-Aug-20,952,960.950012,938.299988,944.700012,873.498657,9614176,5,8,3,2020
06-Aug-20,953.5,974.400024,942.5,970.849976,897.677734,10976491,6,8,3,2020
07-Aug-20,969.450012,969.450012,949,950.900024,879.231384,8010948,7,8,3,2020
10-Aug-20,948.900024,956.799988,945.299988,951.349976,879.647522,5716319,10,8,3,2020
11-Aug-20,949.900024,962,946.099976,948.450012,876.966125,6802442,11,8,3,2020
12-Aug-20,948,958.799988,942.200012,954.950012,882.976135,6908726,12,8,3,2020
13-Aug-20,954.799988,968.5,948.25,951.200012,879.508789,5097703,13,8,3,2020
14-Aug-20,955.849976,963,952.049988,953.599976,881.727844,4663873,14,8,3,2020
17-Aug-20,954.099976,972.450012,954.099976,957.5,885.333862,9008210,17,8,3,2020
18-Aug-20,963.900024,969.200012,958.700012,967.549988,894.626526,6141761,18,8,3,2020
19-Aug-20,970.900024,971.549988,957.450012,959.299988,886.998291,6622744,19,8,3,2020
20-Aug-20,958.900024,965.5,951.299988,955.150024,883.161133,5656501,20,8,3,2020
21-Aug-20,963.049988,963.450012,946.549988,948.799988,877.289612,6513773,21,8,3,2020
24-Aug-20,947,952,939.200012,947.400024,875.995239,5798574,24,8,3,2020
25-Aug-20,947.5,948.650024,933.599976,938.099976,867.396057,6233918,25,8,3,2020
26-Aug-20,941.25,954.25,938.400024,950.799988,879.138855,5153601,26,8,3,2020
27-Aug-20,960,960.950012,945.200012,947.049988,875.671631,6154280,27,8,3,2020
28-Aug-20,951.450012,952.5,933.049988,935.25,864.760986,7593610,28,8,3,2020
31-Aug-20,935.25,950.5,914.599976,928.599976,858.612122,12808355,31,8,3,2020
01-Sep-20,926.25,935,912.099976,914.150024,845.251221,6907773,1,9,3,2020
02-Sep-20,915,926.400024,913.5,924,854.358826,5678118,2,9,3,2020
03-Sep-20,926.5,949.400024,924,935.549988,865.038269,8827948,3,9,3,2020
04-Sep-20,915,929.5,914.450012,919.150024,849.874329,8650342,4,9,3,2020
07-Sep-20,918.900024,927.549988,913.049988,925.049988,855.329651,6700385,7,9,3,2020
08-Sep-20,929.950012,952,925.549988,939.299988,868.505676,12891964,8,9,3,2020
09-Sep-20,935,946,926,927.75,857.826294,5528947,9,9,3,2020
10-Sep-20,935.299988,942,924.799988,940.049988,869.199097,5171884,10,9,3,2020
11-Sep-20,934.900024,954.150024,931,945.700012,874.423279,6671903,11,9,3,2020
14-Sep-20,957,991.049988,948.299988,978.400024,904.658875,21871587,14,9,3,2020
15-Sep-20,979.5,994,971.650024,982.450012,908.403442,11608203,15,9,3,2020
16-Sep-20,986,1005.650024,982,1001.75,926.24884,10059251,16,9,3,2020
17-Sep-20,995,1021,995,1011,934.801758,15628241,17,9,3,2020
18-Sep-20,1011,1018.799988,999.099976,1002.150024,926.618713,12897633,18,9,3,2020
21-Sep-20,1001,1031,1000.5,1009.900024,933.784668,14140637,21,9,3,2020
22-Sep-20,1009,1022.5,991.200012,1007.5,931.565491,12625762,22,9,3,2020
23-Sep-20,1020.150024,1037,1008.099976,1019.75,942.892212,13486204,23,9,3,2020
24-Sep-20,1003,1009,970,975.400024,901.884888,14427432,24,9,3,2020
25-Sep-20,975.799988,1014.900024,975,1011.450012,935.217834,13311078,25,9,3,2020
28-Sep-20,1014.799988,1016.150024,998.5,1010.400024,934.246948,8554526,28,9,3,2020
29-Sep-20,1018,1028,1004.099976,1009,932.952454,8708463,29,9,3,2020
30-Sep-20,1009,1023.950012,1005,1008.25,932.258972,8048817,30,9,3,2020
01-Oct-20,1020.599976,1026.5,1011.75,1017.650024,940.9505,5563358,1,10,4,2020
05-Oct-20,1018.049988,1054.900024,1018.049988,1048.699951,969.660217,14212509,5,10,4,2020
06-Oct-20,1055,1060,1031.349976,1055.75,976.178894,9090819,6,10,4,2020
07-Oct-20,1044.900024,1072,1035.5,1066.550049,986.165039,9284008,7,10,4,2020
08-Oct-20,1090,1124,1088.400024,1093.699951,1011.268677,21482613,8,10,4,2020
09-Oct-20,1095.099976,1113.300049,1088.449951,1106.800049,1023.38147,10567867,9,10,4,2020
12-Oct-20,1123,1140,1112.099976,1132.099976,1046.774414,14633537,12,10,4,2020
13-Oct-20,1135.550049,1166.050049,1135.550049,1157.800049,1070.537598,17523825,13,10,4,2020
14-Oct-20,1162,1164.900024,1131.099976,1137,1051.305176,16649573,14,10,4,2020
15-Oct-20,1180,1186,1092.5,1108.25,1024.721924,44288251,15,10,4,2020
16-Oct-20,1113.849976,1135.949951,1096.900024,1127.5,1042.52124,18365685,16,10,4,2020
19-Oct-20,1135,1139,1115.300049,1125.900024,1041.041748,12902123,19,10,4,2020
20-Oct-20,1118.900024,1144.699951,1110,1137.5,1051.767578,10448776,20,10,4,2020
21-Oct-20,1141.150024,1154.349976,1135,1148.349976,1061.799561,19811433,21,10,4,2020
22-Oct-20,1142,1158,1123.800049,1129.050049,1043.954468,11271335,22,10,4,2020
23-Oct-20,1133,1135,1120.150024,1122.5,1049.047729,9069862,23,10,4,2020
26-Oct-20,1122.25,1129.599976,1103.150024,1112.449951,1039.655396,6309368,26,10,4,2020
27-Oct-20,1105.699951,1109.699951,1077.150024,1090.849976,1019.468689,10172479,27,10,4,2020
28-Oct-20,1095.5,1104.75,1070.050049,1076.550049,1006.104553,7608392,28,10,4,2020
29-Oct-20,1070,1082,1060.099976,1074.849976,1004.515747,6935616,29,10,4,2020
30-Oct-20,1072,1083.599976,1052.349976,1060.599976,991.198242,8800386,30,10,4,2020
02-Nov-20,1065,1079.949951,1051.099976,1072.300049,1002.132751,7183119,2,11,4,2020
03-Nov-20,1072,1079.400024,1057.5,1062.550049,993.020813,7204782,3,11,4,2020
04-Nov-20,1068,1116,1066.800049,1093.949951,1022.365967,15702690,4,11,4,2020
05-Nov-20,1109.900024,1123,1099,1104,1031.758423,9568890,5,11,4,2020
06-Nov-20,1108,1121.099976,1091.699951,1112.75,1039.935791,8807127,6,11,4,2020
09-Nov-20,1129.300049,1146,1121.150024,1136.550049,1062.178467,10160320,9,11,4,2020
10-Nov-20,1113.849976,1113.849976,1078,1091.050049,1019.655945,15622869,10,11,4,2020
11-Nov-20,1096,1126.349976,1087,1122.5,1049.047729,12514800,11,11,4,2020
12-Nov-20,1128.099976,1142,1113.75,1117.75,1044.608521,9180976,12,11,4,2020
13-Nov-20,1120,1133,1117,1124.199951,1050.636475,6363212,13,11,4,2020
14-Nov-20,1137,1139.650024,1131.099976,1133.449951,1059.281372,1136144,14,11,4,2020
17-Nov-20,1144.75,1145,1112.650024,1123.699951,1050.169189,12813968,17,11,4,2020
18-Nov-20,1128.5,1132.699951,1101.449951,1110.550049,1037.879761,9839468,18,11,4,2020
19-Nov-20,1100,1114.699951,1093.800049,1096.75,1024.982666,10092343,19,11,4,2020
20-Nov-20,1106,1109,1091.099976,1103.349976,1031.150879,8063554,20,11,4,2020
23-Nov-20,1105,1144.800049,1101.949951,1139.849976,1065.262329,10546363,23,11,4,2020
24-Nov-20,1145,1154.900024,1133.349976,1140.050049,1065.449341,8515426,24,11,4,2020
25-Nov-20,1137,1143.5,1111.25,1115.650024,1042.645996,8958701,25,11,4,2020
26-Nov-20,1119.949951,1119.949951,1098.300049,1113.199951,1040.356201,10962256,26,11,4,2020
27-Nov-20,1118,1121,1091,1100,1028.02002,25306145,27,11,4,2020
01-Dec-20,1105.050049,1140.25,1105.050049,1137.849976,1063.393188,8933802,1,12,4,2020
02-Dec-20,1134,1147.449951,1121,1140.900024,1066.243774,6741637,2,12,4,2020
03-Dec-20,1147,1147,1122.699951,1126.449951,1052.739258,16212632,3,12,4,2020
04-Dec-20,1125,1137,1115,1134.650024,1060.402588,10564055,4,12,4,2020
07-Dec-20,1147.300049,1153,1136,1143.5,1068.673706,7792141,7,12,4,2020
08-Dec-20,1145,1167,1145,1153.349976,1077.879028,12308330,8,12,4,2020
09-Dec-20,1168.050049,1179.5,1157,1175.199951,1098.299072,10039346,9,12,4,2020
10-Dec-20,1157.400024,1171.650024,1150,1167.75,1091.33667,9488782,10,12,4,2020
11-Dec-20,1159.699951,1171.949951,1155.25,1163.199951,1087.084351,10574009,11,12,4,2020
14-Dec-20,1169.400024,1172.599976,1148.199951,1164.550049,1088.346069,6728187,14,12,4,2020
15-Dec-20,1156,1163.699951,1152,1154.599976,1079.047241,6905926,15,12,4,2020
16-Dec-20,1160,1168.900024,1153.599976,1165.699951,1089.420898,7788404,16,12,4,2020
17-Dec-20,1165.900024,1168.900024,1156.199951,1159.199951,1083.346069,6658153,17,12,4,2020
18-Dec-20,1182.849976,1195,1175.599976,1189.800049,1111.943848,15995676,18,12,4,2020
21-Dec-20,1188,1209.75,1152.050049,1177.300049,1100.261841,10858352,21,12,4,2020
22-Dec-20,1182,1223.849976,1176.099976,1220.5,1140.63501,10901851,22,12,4,2020
23-Dec-20,1238,1258.849976,1230.550049,1253.050049,1171.055054,15878346,23,12,4,2020
24-Dec-20,1249.900024,1249.900024,1226,1236.050049,1155.167603,7313885,24,12,4,2020
28-Dec-20,1238.449951,1248,1236,1240.300049,1159.139282,4607051,28,12,4,2020
29-Dec-20,1235,1254.449951,1235,1250.300049,1168.485107,6878105,29,12,4,2020
30-Dec-20,1253,1253.300049,1238.150024,1246.800049,1165.214233,5194690,30,12,4,2020
31-Dec-20,1243,1258.400024,1239,1255.800049,1173.625244,7430470,31,12,4,2020
01-Jan-21,1257.900024,1265.5,1255.800049,1260.449951,1177.970825,4253550,1,1,1,2021
04-Jan-21,1269,1290,1261.150024,1288.25,1203.951782,7208454,4,1,1,2021
05-Jan-21,1282,1299,1275.050049,1293.800049,1209.13855,8145280,5,1,1,2021
06-Jan-21,1300,1302,1268.050049,1282.099976,1198.203979,7161715,6,1,1,2021
07-Jan-21,1296,1297.650024,1255.5,1262.150024,1179.55957,10954918,7,1,1,2021
08-Jan-21,1278.25,1316.800049,1278.25,1312.099976,1226.241089,13186251,8,1,1,2021
11-Jan-21,1342.099976,1383.349976,1340,1376.199951,1286.146606,20528626,11,1,1,2021
12-Jan-21,1378,1378,1360,1371.75,1281.987793,8309868,12,1,1,2021
13-Jan-21,1373.849976,1392.800049,1360,1387.150024,1296.380005,14442997,13,1,1,2021
14-Jan-21,1360,1384,1318.449951,1370.5,1280.819458,27521697,14,1,1,2021
15-Jan-21,1360,1364.449951,1340,1344.949951,1256.941406,15018441,15,1,1,2021
18-Jan-21,1338,1340,1306,1312.050049,1226.194336,8861765,18,1,1,2021
19-Jan-21,1320,1331,1312,1316.650024,1230.493286,5585744,19,1,1,2021
20-Jan-21,1320.550049,1348.400024,1320.550049,1339.449951,1251.801392,8225838,20,1,1,2021
21-Jan-21,1350,1361.050049,1335,1339.699951,1252.03479,6142421,21,1,1,2021
22-Jan-21,1327,1356,1326.550049,1340.849976,1253.109863,9646591,22,1,1,2021
25-Jan-21,1345,1347.900024,1313,1325.099976,1238.390381,6542611,25,1,1,2021
27-Jan-21,1319.599976,1327.550049,1285.099976,1301,1215.867432,8133665,27,1,1,2021
28-Jan-21,1291.800049,1296.449951,1272.550049,1276.199951,1192.690186,4660690,28,1,1,2021
29-Jan-21,1286.25,1291.150024,1231,1239.050049,1157.971313,12183519,29,1,1,2021
01-Feb-21,1250.550049,1277.949951,1241,1260.900024,1178.391357,8880279,1,2,1,2021
02-Feb-21,1280,1294.400024,1263.599976,1271.25,1188.064087,6892490,2,2,1,2021
03-Feb-21,1277.650024,1304,1273,1284.650024,1200.58728,8182968,3,2,1,2021
04-Feb-21,1285,1293.400024,1272.050049,1279.349976,1195.634033,5032240,4,2,1,2021
05-Feb-21,1286.400024,1288.75,1262,1272.099976,1188.858521,5477481,5,2,1,2021
08-Feb-21,1285.5,1310,1275.5,1303.550049,1218.250732,6921922,8,2,1,2021
09-Feb-21,1306.900024,1332,1297.849976,1305.550049,1220.119751,7965949,9,2,1,2021
10-Feb-21,1295.800049,1304.349976,1283.599976,1296.5,1211.661865,5951207,10,2,1,2021
11-Feb-21,1289,1296,1283.050049,1292.650024,1208.063721,4673317,11,2,1,2021
12-Feb-21,1305,1323.75,1301.550049,1309.800049,1224.091553,5797875,12,2,1,2021
15-Feb-21,1320,1328.400024,1307.099976,1309.650024,1223.951294,4363513,15,2,1,2021
16-Feb-21,1314,1319.75,1286,1290.400024,1205.960938,6896421,16,2,1,2021
17-Feb-21,1290.400024,1294.5,1275,1281.300049,1197.456421,4575741,17,2,1,2021
18-Feb-21,1276,1306,1275,1292.449951,1207.876831,6437551,18,2,1,2021
19-Feb-21,1296.099976,1299.5,1276.800049,1291.300049,1206.802124,5389696,19,2,1,2021
22-Feb-21,1295,1308.550049,1260,1265.199951,1182.409912,7371303,22,2,1,2021
23-Feb-21,1271.150024,1291,1257.550049,1266.349976,1183.484741,6612942,23,2,1,2021
24-Feb-21,1260.050049,1276.599976,1252,1274.300049,1190.914429,4537258,24,2,1,2021
25-Feb-21,1288.449951,1299.75,1272,1274.550049,1191.148315,8788221,25,2,1,2021
26-Feb-21,1269,1274.300049,1244.75,1253.300049,1171.288696,15132388,26,2,1,2021
01-Mar-21,1263.300049,1284.5,1259,1267,1184.092285,5756286,1,3,1,2021
02-Mar-21,1282.25,1310,1279.199951,1304.5,1219.138428,10461434,2,3,1,2021
03-Mar-21,1319.199951,1347,1308,1343.550049,1255.633179,9056399,3,3,1,2021
04-Mar-21,1335,1363.849976,1325.900024,1330.349976,1243.296631,12041941,4,3,1,2021
05-Mar-21,1328.5,1340,1305.050049,1316.699951,1230.539917,6486176,5,3,1,2021
08-Mar-21,1324.800049,1346.099976,1317.199951,1335.75,1248.343506,5119392,8,3,1,2021
09-Mar-21,1329.5,1350.449951,1318.75,1345.550049,1257.502075,6518173,9,3,1,2021
10-Mar-21,1356.900024,1374,1355,1368.150024,1278.623291,7925984,10,3,1,2021
12-Mar-21,1373,1391.699951,1370.050049,1374.849976,1284.884888,9462061,12,3,1,2021
15-Mar-21,1370,1379.900024,1358.5,1373.599976,1283.716675,6658635,15,3,1,2021
16-Mar-21,1386.050049,1406,1380.5,1384,1293.436157,9352771,16,3,1,2021
17-Mar-21,1392.25,1400,1382,1387,1296.239868,7626744,17,3,1,2021
18-Mar-21,1393.75,1393.75,1313.5,1337.099976,1249.605103,10961755,18,3,1,2021
19-Mar-21,1330,1355.199951,1318,1344.449951,1256.474243,12767112,19,3,1,2021
22-Mar-21,1350.099976,1376,1336.099976,1370.800049,1281.099976,4862758,22,3,1,2021
23-Mar-21,1372.449951,1383.25,1359.599976,1371.550049,1281.800903,7165335,23,3,1,2021
24-Mar-21,1357.849976,1370.449951,1346.25,1353.75,1265.165649,6134303,24,3,1,2021
25-Mar-21,1346.75,1352.5,1327.599976,1333.800049,1246.52124,8749994,25,3,1,2021
26-Mar-21,1344.699951,1356.699951,1332,1336.199951,1248.764038,4922071,26,3,1,2021
30-Mar-21,1346.900024,1400,1336.150024,1385.300049,1294.651123,10546381,30,3,1,2021
31-Mar-21,1382,1388,1363.300049,1368.050049,1278.530029,8220987,31,3,1,2021
01-Apr-21,1380,1391.599976,1371,1385.199951,1294.557495,5675155,1,4,2,2021
05-Apr-21,1391,1425,1387,1409.900024,1317.641479,9479572,5,4,2,2021
06-Apr-21,1423,1426,1406.449951,1411.050049,1318.716187,5793571,6,4,2,2021
07-Apr-21,1410.25,1434.949951,1406.599976,1430.199951,1336.613037,5879234,7,4,2,2021
08-Apr-21,1430,1451.699951,1421,1439.849976,1345.63147,5654434,8,4,2,2021
09-Apr-21,1455,1455,1430.050049,1441.050049,1346.753052,6052712,9,4,2,2021
12-Apr-21,1474,1477.550049,1415,1425.75,1332.453979,20384532,12,4,2,2021
13-Apr-21,1433,1435.25,1375,1397.150024,1305.725586,14855206,13,4,2,2021
15-Apr-21,1332.300049,1366.400024,1320,1360.75,1271.707397,25342491,15,4,2,2021
16-Apr-21,1365,1370.849976,1346.599976,1353.75,1265.165649,10879878,16,4,2,2021
19-Apr-21,1340,1379.699951,1332.349976,1362.550049,1273.389771,12508028,19,4,2,2021
20-Apr-21,1379,1379,1342.400024,1351.349976,1262.922607,8560766,20,4,2,2021
22-Apr-21,1355.550049,1364.800049,1345.150024,1351.099976,1262.688965,6622446,22,4,2,2021
23-Apr-21,1343,1348.400024,1331,1333.800049,1246.52124,7316262,23,4,2,2021
26-Apr-21,1332.25,1351.300049,1321,1343.550049,1255.633179,7088606,26,4,2,2021
27-Apr-21,1346,1353,1340.150024,1348.5,1260.259155,3636115,27,4,2,2021
28-Apr-21,1358,1359.5,1344.599976,1356,1267.268433,4879234,28,4,2,2021
29-Apr-21,1368,1369,1351.400024,1356.349976,1267.595459,5412357,29,4,2,2021
30-Apr-21,1346.300049,1373.900024,1345.900024,1354.349976,1265.726196,8354677,30,4,2,2021
03-May-21,1340.800049,1361,1338,1352.050049,1263.576782,4560337,3,5,2,2021
04-May-21,1354,1354.949951,1324.099976,1329.400024,1242.408936,4887060,4,5,2,2021
05-May-21,1341.099976,1343.900024,1327.800049,1341.5,1253.717163,3939788,5,5,2,2021
06-May-21,1345,1364.699951,1337.400024,1361.599976,1272.501953,4810090,6,5,2,2021
07-May-21,1365.300049,1373.050049,1348.5,1352.550049,1264.044067,4991435,7,5,2,2021
10-May-21,1349.849976,1352.900024,1335.050049,1339.550049,1251.894897,7195348,10,5,2,2021
11-May-21,1336.900024,1341,1325.099976,1330.650024,1243.577148,6420988,11,5,2,2021
12-May-21,1330,1330,1314.5,1327,1240.165894,5241898,12,5,2,2021
14-May-21,1326.849976,1326.849976,1311.300049,1316.400024,1230.259766,4824609,14,5,2,2021
17-May-21,1320.300049,1334.949951,1320.300049,1329.400024,1242.408936,5017129,17,5,2,2021
18-May-21,1338,1344.599976,1329.5,1340,1252.315186,5620150,18,5,2,2021
19-May-21,1342,1357.449951,1333.25,1337,1249.511719,4435878,19,5,2,2021
20-May-21,1348.400024,1349.099976,1335,1339.300049,1251.661133,4490092,20,5,2,2021
21-May-21,1347.5,1357.5,1346.349976,1354.5,1265.866577,4969733,21,5,2,2021
24-May-21,1356.650024,1363,1345.099976,1348.050049,1259.838623,4225371,24,5,2,2021
25-May-21,1358,1368,1354.449951,1361.599976,1272.501953,4099340,25,5,2,2021
26-May-21,1367.900024,1400,1362.050049,1397.25,1305.819092,6850024,26,5,2,2021
27-May-21,1404.199951,1416.25,1391.699951,1402.25,1310.491943,15365391,27,5,2,2021
28-May-21,1409.75,1414,1396.099976,1405.050049,1313.108643,4261312,28,5,2,2021
31-May-21,1401.5,1401.5,1383,1393.75,1316.604004,4429904,31,5,2,2021
01-Jun-21,1400,1401,1378.650024,1387.199951,1310.416504,4791325,1,6,2,2021
02-Jun-21,1380.75,1391.949951,1365,1378.650024,1302.3396,9272276,2,6,2,2021
03-Jun-21,1388.099976,1399,1377.050049,1389.650024,1312.730835,5115645,3,6,2,2021
04-Jun-21,1393.949951,1396.900024,1377.650024,1385.650024,1308.952393,4194328,4,6,2,2021
07-Jun-21,1391,1392,1377.300049,1389.650024,1312.730835,5154576,7,6,2,2021
08-Jun-21,1396,1421.75,1395.550049,1412.949951,1334.740967,7360630,8,6,2,2021
09-Jun-21,1413.400024,1425,1404.599976,1415.300049,1336.961182,5394317,9,6,2,2021
10-Jun-21,1424,1429,1419,1424.300049,1345.463013,3496575,10,6,2,2021
11-Jun-21,1430.099976,1451.599976,1429.449951,1446.900024,1366.812012,6140828,11,6,2,2021
14-Jun-21,1471,1477,1453.449951,1461.800049,1380.887329,7132294,14,6,2,2021
15-Jun-21,1464,1476,1463,1473.900024,1392.317627,5403104,15,6,2,2021
16-Jun-21,1472.699951,1489.449951,1467.5,1480.599976,1398.646484,7661710,16,6,2,2021
17-Jun-21,1475.099976,1502.650024,1475.099976,1495.300049,1412.533081,7677951,17,6,2,2021
18-Jun-21,1509,1515.800049,1487.400024,1503.300049,1420.09021,13533974,18,6,2,2021
21-Jun-21,1493,1505.800049,1484.199951,1500.300049,1417.256226,5454052,21,6,2,2021
22-Jun-21,1509.699951,1521.449951,1502.099976,1511.849976,1428.16687,6427862,22,6,2,2021
23-Jun-21,1525,1525,1498.650024,1503.150024,1419.948364,5529809,23,6,2,2021
24-Jun-21,1517,1568.75,1511.199951,1559.199951,1472.895874,10785137,24,6,2,2021
25-Jun-21,1572,1578,1543,1574.199951,1487.065674,9780240,25,6,2,2021
28-Jun-21,1572.900024,1580.150024,1560.599976,1571.800049,1484.798706,5019178,28,6,2,2021
29-Jun-21,1561,1573.650024,1559.199951,1563.050049,1476.532959,5913567,29,6,2,2021
30-Jun-21,1572.050049,1591,1572.050049,1580.800049,1493.300537,6058722,30,6,2,2021
01-Jul-21,1576.849976,1576.849976,1559.050049,1560.400024,1474.029541,4814317,1,7,3,2021
02-Jul-21,1558.949951,1569.449951,1542.599976,1567.800049,1481.02002,5166064,2,7,3,2021
05-Jul-21,1569.150024,1585,1561.050049,1578.949951,1491.552856,4058338,5,7,3,2021
06-Jul-21,1573.699951,1586.75,1557.099976,1562.199951,1475.72998,4089574,6,7,3,2021
07-Jul-21,1566.050049,1570.550049,1544.650024,1564.599976,1477.99707,4797120,7,7,3,2021
08-Jul-21,1568,1576,1549,1560.75,1474.360229,3326813,8,7,3,2021
09-Jul-21,1556,1569.900024,1551,1562.900024,1476.391357,3436594,9,7,3,2021
12-Jul-21,1570.550049,1578,1533.75,1547.849976,1462.174316,4588982,12,7,3,2021
13-Jul-21,1556.400024,1556.400024,1536.300049,1544.949951,1459.434814,4456160,13,7,3,2021
14-Jul-21,1554,1582.800049,1538.099976,1576.900024,1489.616333,5657716,14,7,3,2021
15-Jul-21,1557.900024,1596.849976,1556,1580.800049,1493.300537,10021355,15,7,3,2021
16-Jul-21,1573.75,1574.650024,1549.599976,1555.449951,1469.353638,6265593,16,7,3,2021
19-Jul-21,1544.699951,1552.900024,1537.550049,1541.699951,1456.364624,5669162,19,7,3,2021
20-Jul-21,1538.300049,1557.699951,1538,1550.050049,1464.252563,5069939,20,7,3,2021
22-Jul-21,1561.400024,1592.849976,1561.400024,1590.199951,1502.180054,7854575,22,7,3,2021
23-Jul-21,1588.550049,1598.5,1585.050049,1590.449951,1502.41626,4179719,23,7,3,2021
26-Jul-21,1594.099976,1611.650024,1594.099976,1603.900024,1515.121826,4586710,26,7,3,2021
27-Jul-21,1605,1609.300049,1597.900024,1602.550049,1513.84668,5892859,27,7,3,2021
28-Jul-21,1605.099976,1607.599976,1585.5,1605.599976,1516.727661,4686788,28,7,3,2021
29-Jul-21,1600.099976,1620,1600.099976,1617,1527.496704,4660873,29,7,3,2021
30-Jul-21,1610,1623.400024,1606.150024,1610.5,1521.356567,6234257,30,7,3,2021
02-Aug-21,1627.449951,1634.75,1619.199951,1631.550049,1541.241455,5553389,2,8,3,2021
03-Aug-21,1647,1658.650024,1635.599976,1655.199951,1563.582275,5513668,3,8,3,2021
04-Aug-21,1669.099976,1679.900024,1639.050049,1649.25,1557.961548,6740391,4,8,3,2021
05-Aug-21,1649.5,1666,1647.050049,1653.550049,1562.023682,5420536,5,8,3,2021
06-Aug-21,1657,1660.650024,1644,1650.199951,1558.859131,3754855,6,8,3,2021
09-Aug-21,1661,1667.449951,1646.400024,1663.300049,1571.234009,5018477,9,8,3,2021
10-Aug-21,1668,1680,1661.050049,1677.25,1584.411743,6846517,10,8,3,2021
11-Aug-21,1674.800049,1684,1668,1677.550049,1584.69519,4899639,11,8,3,2021
12-Aug-21,1679.150024,1696.5,1674,1689.599976,1596.078247,5659579,12,8,3,2021
13-Aug-21,1697,1722.5,1691.300049,1712.199951,1617.427246,5612790,13,8,3,2021
16-Aug-21,1707.699951,1719.949951,1690.099976,1704.400024,1610.059082,4564109,16,8,3,2021
17-Aug-21,1703.900024,1748.900024,1686.550049,1741.650024,1645.247192,9510390,17,8,3,2021
18-Aug-21,1729,1755.5,1727,1733.449951,1637.500977,6686090,18,8,3,2021
20-Aug-21,1716.099976,1745,1716.099976,1732.949951,1637.028809,6206972,20,8,3,2021
23-Aug-21,1735.75,1753.150024,1732,1738.75,1642.50769,6189051,23,8,3,2021
24-Aug-21,1750,1757,1712.699951,1720.849976,1625.598389,7602939,24,8,3,2021
25-Aug-21,1718,1746.900024,1718,1735.550049,1639.484863,6153253,25,8,3,2021
26-Aug-21,1734,1746,1720,1727.699951,1632.069214,5302248,26,8,3,2021
27-Aug-21,1725,1727.699951,1705.199951,1708.800049,1614.215454,6698514,27,8,3,2021
30-Aug-21,1703.050049,1718.650024,1690.400024,1698.050049,1604.060669,6559667,30,8,3,2021
31-Aug-21,1700.150024,1715,1685.849976,1706.449951,1611.995483,12255438,31,8,3,2021
01-Sep-21,1709.5,1709.5,1673.150024,1677.75,1584.884033,7801974,1,9,3,2021
02-Sep-21,1677.349976,1694.300049,1662.650024,1689.099976,1595.605835,6830050,2,9,3,2021
03-Sep-21,1696.050049,1705.949951,1684.400024,1700.650024,1606.516602,5339139,3,9,3,2021
06-Sep-21,1705.150024,1732,1699.349976,1730.400024,1634.619873,4876026,6,9,3,2021
07-Sep-21,1730,1734.900024,1704,1706.650024,1612.184448,3520341,7,9,3,2021
08-Sep-21,1700.849976,1700.849976,1682.949951,1693.25,1599.526123,4584896,8,9,3,2021
09-Sep-21,1685.900024,1694.900024,1682.150024,1691.599976,1597.967407,3331674,9,9,3,2021
13-Sep-21,1683,1701.5,1675.199951,1691.900024,1598.250977,4662374,13,9,3,2021
14-Sep-21,1695.949951,1695.949951,1678.599976,1686.150024,1592.819214,4945167,14,9,3,2021
15-Sep-21,1693.25,1715.099976,1690.199951,1711.449951,1616.71875,4062344,15,9,3,2021
16-Sep-21,1715.199951,1719.25,1691.449951,1702.25,1608.028076,3246568,16,9,3,2021
17-Sep-21,1697,1718,1684.449951,1691.300049,1597.684204,7454864,17,9,3,2021
20-Sep-21,1685,1707.699951,1677.949951,1687.849976,1594.425171,5660743,20,9,3,2021
21-Sep-21,1700,1726.75,1684.650024,1718.449951,1623.331299,4672222,21,9,3,2021
22-Sep-21,1717,1738.900024,1713.050049,1716.900024,1621.867188,4553892,22,9,3,2021
23-Sep-21,1732,1745,1721.099976,1742.550049,1646.097412,3826090,23,9,3,2021
24-Sep-21,1758,1788,1752.449951,1763.849976,1666.218384,8280446,24,9,3,2021
27-Sep-21,1768.75,1769,1718.099976,1721.150024,1625.881958,5045337,27,9,3,2021
28-Sep-21,1710,1710,1675,1687.099976,1593.716553,6557197,28,9,3,2021
29-Sep-21,1659.25,1701.400024,1655,1692.25,1598.581543,7792548,29,9,3,2021
30-Sep-21,1703,1703,1670.099976,1675.199951,1582.47522,6914031,30,9,3,2021
01-Oct-21,1665.099976,1678.949951,1661.25,1665.150024,1572.981445,5733906,1,10,4,2021
04-Oct-21,1672.5,1688,1665.400024,1678.75,1585.828735,2947154,4,10,4,2021
05-Oct-21,1671,1702.949951,1663,1692.800049,1599.101196,4373310,5,10,4,2021
06-Oct-21,1702.099976,1709,1670,1673.550049,1580.916748,4271698,6,10,4,2021
07-Oct-21,1687,1704.199951,1676.650024,1691,1597.400757,5476108,7,10,4,2021
08-Oct-21,1705.25,1731.5,1698.400024,1723.849976,1628.432373,4738376,8,10,4,2021
11-Oct-21,1682,1730,1663.699951,1690.949951,1597.353394,8840633,11,10,4,2021
12-Oct-21,1677,1689,1662,1685.150024,1591.874634,7439300,12,10,4,2021
13-Oct-21,1695.949951,1713.650024,1680.050049,1709.199951,1614.593262,7104171,13,10,4,2021
14-Oct-21,1754,1783.599976,1698.199951,1715.75,1620.780762,19655776,14,10,4,2021
18-Oct-21,1740,1799,1740,1792.150024,1692.951904,13438109,18,10,4,2021
19-Oct-21,1814,1834.5,1782.300049,1822.150024,1721.291382,10324260,19,10,4,2021
20-Oct-21,1829.400024,1848,1794.050049,1802.349976,1702.58728,5876115,20,10,4,2021
21-Oct-21,1814,1814,1746.849976,1753.650024,1656.583008,8779629,21,10,4,2021
22-Oct-21,1749.900024,1763.199951,1707,1719.800049,1624.606689,7369809,22,10,4,2021
25-Oct-21,1722.050049,1729.75,1687.199951,1707.550049,1613.03479,5905209,25,10,4,2021
26-Oct-21,1710.050049,1726.599976,1695.900024,1703.699951,1623.660767,5871709,26,10,4,2021
27-Oct-21,1709.099976,1734.150024,1701.150024,1728.949951,1647.724609,5090259,27,10,4,2021
28-Oct-21,1719.349976,1724.75,1692.050049,1703.900024,1623.851563,5329972,28,10,4,2021
29-Oct-21,1699,1712.599976,1661.050049,1667.75,1589.399902,5875091,29,10,4,2021
01-Nov-21,1677.5,1707.199951,1676,1700.050049,1620.182373,3636806,1,11,4,2021
02-Nov-21,1695,1706.449951,1686.349976,1697.900024,1618.133423,3471772,2,11,4,2021
03-Nov-21,1709,1717.449951,1699,1702.5,1622.517212,3530713,3,11,4,2021
04-Nov-21,1715,1717,1705,1708.699951,1628.425903,483407,4,11,4,2021
08-Nov-21,1730,1741,1703,1737.5,1655.873047,5245903,8,11,4,2021
09-Nov-21,1734.75,1750,1726,1742.5,1660.638062,4016134,9,11,4,2021
10-Nov-21,1726,1750.949951,1721.949951,1740.150024,1658.398438,4780368,10,11,4,2021
11-Nov-21,1732.949951,1739.75,1709,1733.300049,1651.870361,4731349,11,11,4,2021
12-Nov-21,1743,1782.849976,1738.050049,1780.199951,1696.566895,5069009,12,11,4,2021
15-Nov-21,1782.099976,1800,1775.5,1787.150024,1703.190552,4354074,15,11,4,2021
16-Nov-21,1790,1808.949951,1777,1792.300049,1708.098511,6034233,16,11,4,2021
17-Nov-21,1792.550049,1802,1780.699951,1787.449951,1703.476318,4732492,17,11,4,2021
18-Nov-21,1781.599976,1789.449951,1759,1779.400024,1695.804565,4326924,18,11,4,2021
22-Nov-21,1784,1785.400024,1751.150024,1759.400024,1676.744141,6621839,22,11,4,2021
23-Nov-21,1735.099976,1747.25,1710,1736.900024,1655.301147,8436160,23,11,4,2021
24-Nov-21,1740,1740.5,1688,1696,1616.322632,7333061,24,11,4,2021
25-Nov-21,1700,1726.199951,1696.949951,1722.400024,1641.482422,4476260,25,11,4,2021
26-Nov-21,1702.550049,1718.349976,1684,1691.650024,1612.17688,4494181,26,11,4,2021
29-Nov-21,1691,1712,1669.150024,1696.349976,1616.656128,3942776,29,11,4,2021
30-Nov-21,1704.550049,1729.900024,1700.050049,1712.650024,1632.190308,14808963,30,11,4,2021
01-Dec-21,1715,1741.900024,1713,1714.900024,1634.334717,5193264,1,12,4,2021
02-Dec-21,1715,1750.5,1711.349976,1748.25,1666.11792,5559574,2,12,4,2021
03-Dec-21,1771.099976,1786.650024,1732.550049,1735.550049,1654.014526,6754012,3,12,4,2021
06-Dec-21,1730,1733.949951,1691.5,1695.300049,1615.655518,3991449,6,12,4,2021
07-Dec-21,1701.099976,1724.900024,1694,1711.650024,1631.237427,4202122,7,12,4,2021
08-Dec-21,1733,1759.800049,1732.599976,1753.349976,1670.978271,3029169,8,12,4,2021
09-Dec-21,1759,1769.400024,1742,1763.449951,1680.60376,2082171,9,12,4,2021
10-Dec-21,1760,1763.75,1746,1759.25,1676.601074,1823469,10,12,4,2021
13-Dec-21,1767.050049,1771.349976,1738.800049,1744.650024,1662.687012,4040584,13,12,4,2021
14-Dec-21,1730.900024,1763,1710.349976,1752.150024,1669.834595,4768144,14,12,4,2021
15-Dec-21,1745,1747.949951,1721.199951,1734.199951,1652.727905,3053149,15,12,4,2021
16-Dec-21,1762.650024,1777.599976,1758,1771.599976,1688.370972,4481031,16,12,4,2021
17-Dec-21,1820,1842,1806.75,1820.849976,1735.307129,18887243,17,12,4,2021
20-Dec-21,1801.699951,1829.650024,1787.300049,1798.900024,1714.388428,5773891,20,12,4,2021
21-Dec-21,1801,1838,1801,1811.599976,1726.491699,5353584,21,12,4,2021
22-Dec-21,1825,1829.150024,1812.349976,1824.699951,1738.976196,4156428,22,12,4,2021
23-Dec-21,1831.25,1861.599976,1827,1857.599976,1770.330566,4112933,23,12,4,2021
24-Dec-21,1872.949951,1875.75,1854,1863.5,1775.953491,3780347,24,12,4,2021
27-Dec-21,1860,1874.5,1845.050049,1866.150024,1778.478882,2647733,27,12,4,2021
28-Dec-21,1880.699951,1895.900024,1878.400024,1888,1799.30249,3340933,28,12,4,2021
29-Dec-21,1883.5,1893.800049,1876.400024,1885.550049,1796.967529,3236635,29,12,4,2021
30-Dec-21,1884.5,1909.800049,1874.349976,1892.849976,1803.924683,4584738,30,12,4,2021
31-Dec-21,1890,1898.349976,1871.650024,1887.75,1799.064331,4619420,31,12,4,2021
03-Jan-22,1887.75,1914.050049,1887.75,1898.449951,1809.261597,3329616,3,1,1,2022
04-Jan-22,1898.449951,1906.650024,1878,1899.150024,1809.928711,3921999,4,1,1,2022
05-Jan-22,1900,1902.900024,1840,1844.650024,1757.989136,6995719,5,1,1,2022
06-Jan-22,1828,1828,1800,1817.800049,1732.400513,6449205,6,1,1,2022
07-Jan-22,1815.449951,1836,1806.800049,1814.300049,1729.064941,4834389,7,1,1,2022
10-Jan-22,1815,1869.900024,1813,1850.75,1763.802368,7857560,10,1,1,2022
11-Jan-22,1855,1870,1850.150024,1855.599976,1768.424683,5142287,11,1,1,2022
12-Jan-22,1868.900024,1889,1860,1877.449951,1789.248169,5362535,12,1,1,2022
13-Jan-22,1905,1912.5,1866.349976,1896.800049,1807.689087,14277630,13,1,1,2022
14-Jan-22,1882,1933,1881,1929.349976,1838.709839,7688506,14,1,1,2022
17-Jan-22,1938.550049,1953.900024,1930.5,1939.5,1848.383057,5262464,17,1,1,2022
18-Jan-22,1922.099976,1945,1911.449951,1920.75,1830.513916,3690315,18,1,1,2022
19-Jan-22,1916,1916,1862.849976,1867.050049,1779.336914,5747770,19,1,1,2022
20-Jan-22,1844,1848,1815.5,1823.699951,1738.023315,5533463,20,1,1,2022
21-Jan-22,1795,1808,1776,1785.699951,1701.808472,8252758,21,1,1,2022
24-Jan-22,1765,1768.650024,1728,1736.800049,1655.205933,7116712,24,1,1,2022
25-Jan-22,1726.599976,1740,1700.5,1722.150024,1641.244019,9137653,25,1,1,2022
27-Jan-22,1702,1709.699951,1665,1678.599976,1599.73999,11231734,27,1,1,2022
28-Jan-22,1681,1727.550049,1679.5,1686.199951,1606.983032,10998502,28,1,1,2022
31-Jan-22,1718,1749.5,1715.349976,1736.199951,1654.633911,8788872,31,1,1,2022
01-Feb-22,1766.099976,1780,1734.699951,1772.050049,1688.799927,5119935,1,2,1,2022
02-Feb-22,1789,1792.800049,1772,1787.099976,1703.1427,4253717,2,2,1,2022
03-Feb-22,1779,1779,1734,1738.550049,1656.873657,3832922,3,2,1,2022
04-Feb-22,1732,1753.949951,1710.150024,1741.099976,1659.303833,4700077,4,2,1,2022
07-Feb-22,1722.199951,1732,1695.400024,1715,1634.429932,4310209,7,2,1,2022
08-Feb-22,1710,1725,1696,1717.300049,1636.621948,6053401,8,2,1,2022
09-Feb-22,1735,1743,1725,1737.300049,1655.682373,3867244,9,2,1,2022
10-Feb-22,1755.650024,1773.900024,1748.75,1769.599976,1686.464844,4334630,10,2,1,2022
11-Feb-22,1740,1745.949951,1713,1721.349976,1640.481567,7551371,11,2,1,2022
14-Feb-22,1690,1718.550049,1678.25,1682.199951,1603.170898,7459637,14,2,1,2022
15-Feb-22,1699,1746.75,1690.449951,1738.25,1656.587646,4669915,15,2,1,2022
16-Feb-22,1738.25,1755.449951,1726.849976,1733.300049,1651.870361,5350642,16,2,1,2022
17-Feb-22,1744,1749,1720.300049,1724.800049,1643.769653,3937950,17,2,1,2022
18-Feb-22,1710,1722.5,1703.5,1706.949951,1626.758057,5602215,18,2,1,2022
21-Feb-22,1701,1737.300049,1691.5,1730.699951,1649.392456,5120890,21,2,1,2022
22-Feb-22,1699.900024,1751,1691.050049,1734.349976,1652.870972,8878515,22,2,1,2022
23-Feb-22,1750,1758.25,1733.400024,1742.849976,1660.97168,5478811,23,2,1,2022
24-Feb-22,1690.099976,1714.949951,1670.5,1678.150024,1599.311157,13592379,24,2,1,2022
25-Feb-22,1715,1728.150024,1677,1694.599976,1614.988403,9737281,25,2,1,2022
28-Feb-22,1682.199951,1728.050049,1665,1715.599976,1635.001709,15076542,28,2,1,2022
02-Mar-22,1710,1714.400024,1691,1702.800049,1622.803223,6771489,2,3,1,2022
03-Mar-22,1720.199951,1733.900024,1705.550049,1720.849976,1640.005127,7344147,3,3,1,2022
04-Mar-22,1695.25,1736,1681,1723.300049,1642.340088,9074499,4,3,1,2022
07-Mar-22,1697,1751,1696,1739.849976,1658.112427,9742588,7,3,1,2022
08-Mar-22,1718.449951,1800,1718.449951,1778.199951,1694.660889,10984500,8,3,1,2022
09-Mar-22,1791,1831.599976,1791,1813.349976,1728.159424,10193515,9,3,1,2022
10-Mar-22,1844.75,1844.75,1810.199951,1825.900024,1740.119995,6547182,10,3,1,2022
11-Mar-22,1814,1831.400024,1811,1822,1736.403198,4758657,11,3,1,2022
14-Mar-22,1831.550049,1895,1831.550049,1890.699951,1801.87561,10289724,14,3,1,2022
15-Mar-22,1888.349976,1888.349976,1830,1839.300049,1752.890503,7140443,15,3,1,2022
16-Mar-22,1865,1893.949951,1849,1889.400024,1800.636719,5233979,16,3,1,2022
17-Mar-22,1923.300049,1923.300049,1833.050049,1854.599976,1767.47168,17731459,17,3,1,2022
21-Mar-22,1861,1886.900024,1841.099976,1853.050049,1765.994507,8362085,21,3,1,2022
22-Mar-22,1850,1890,1839,1887.400024,1798.730835,5709382,22,3,1,2022
23-Mar-22,1897,1900,1857,1872.400024,1784.435425,6192824,23,3,1,2022
24-Mar-22,1856.150024,1894.599976,1856.150024,1886.699951,1798.063599,3784303,24,3,1,2022
25-Mar-22,1892,1894,1858,1876.550049,1788.390503,3438588,25,3,1,2022
28-Mar-22,1866,1880.900024,1852.650024,1873.900024,1785.864868,4008555,28,3,1,2022
29-Mar-22,1873.900024,1889.400024,1860.550049,1886,1797.396606,3917785,29,3,1,2022
30-Mar-22,1910,1919,1895,1903.949951,1814.503174,7795839,30,3,1,2022
31-Mar-22,1900,1913,1894.199951,1906.849976,1817.266968,5399145,31,3,1,2022
01-Apr-22,1886.849976,1910.300049,1878.300049,1903.550049,1814.121948,6171518,1,4,2,2022
04-Apr-22,1889.75,1893,1873,1882.949951,1794.489746,7364074,4,4,2,2022
05-Apr-22,1883.800049,1889.599976,1857.150024,1861.099976,1773.66626,5472024,5,4,2,2022
06-Apr-22,1855,1857.5,1822.150024,1828.849976,1742.931396,5407453,6,4,2,2022
07-Apr-22,1821.050049,1828.150024,1807.550049,1811,1725.920044,5797544,7,4,2,2022
08-Apr-22,1823,1838,1808,1814.599976,1729.350952,5131446,8,4,2,2022
11-Apr-22,1814,1814,1762.550049,1766.550049,1683.55835,8248407,11,4,2,2022
12-Apr-22,1757.5,1757.5,1727.75,1742.449951,1660.590332,6456184,12,4,2,2022
13-Apr-22,1754.949951,1757.5,1732,1748.550049,1666.403809,6257693,13,4,2,2022
18-Apr-22,1605.5,1650,1590,1621.400024,1545.227173,30523965,18,4,2,2022
19-Apr-22,1636.650024,1636.650024,1550,1562,1488.61792,17044923,19,4,2,2022
20-Apr-22,1575,1596.300049,1563,1587.699951,1513.110352,10678747,20,4,2,2022
21-Apr-22,1595,1627.199951,1589.25,1618.800049,1542.749512,7766514,21,4,2,2022
22-Apr-22,1604.349976,1610.699951,1582.400024,1585.449951,1510.966187,8134245,22,4,2,2022
25-Apr-22,1572.800049,1572.800049,1554.099976,1561.099976,1487.76001,7000570,25,4,2,2022
26-Apr-22,1577.199951,1592,1566.550049,1581,1506.72522,5345435,26,4,2,2022
27-Apr-22,1572.75,1572.75,1550.349976,1552.800049,1479.850098,8819356,27,4,2,2022
28-Apr-22,1570,1601.800049,1557.449951,1582.599976,1508.25,9245177,28,4,2,2022
29-Apr-22,1590,1597.300049,1560.800049,1567.550049,1493.907227,9831395,29,4,2,2022
02-May-22,1550.900024,1552.75,1531,1541,1468.604248,7072627,2,5,2,2022
04-May-22,1547.25,1570,1530.150024,1535.550049,1463.410522,6220959,4,5,2,2022
05-May-22,1560.050049,1589.400024,1557.449951,1585.150024,1510.680298,6144870,5,5,2,2022
06-May-22,1550,1561.849976,1535.050049,1542.849976,1470.367432,6171472,6,5,2,2022
09-May-22,1540,1586.800049,1522.150024,1570.349976,1496.575562,6832202,9,5,2,2022
10-May-22,1558,1569.150024,1546.050049,1553,1480.040771,6212545,10,5,2,2022
11-May-22,1549.949951,1549.949951,1511.599976,1526.75,1455.023926,7846080,11,5,2,2022
12-May-22,1514,1527.5,1504.300049,1508.800049,1437.917236,7034979,12,5,2,2022
13-May-22,1519.300049,1529.25,1498.099976,1504.400024,1433.723999,6723761,13,5,2,2022
16-May-22,1510,1511.849976,1478.650024,1489.099976,1419.1427,6145331,16,5,2,2022
17-May-22,1494.900024,1525,1480.900024,1518.449951,1447.11377,6516378,17,5,2,2022
18-May-22,1522,1549.699951,1505.300049,1509.199951,1438.29834,6594126,18,5,2,2022
19-May-22,1481,1484.699951,1417.650024,1427.150024,1360.103027,16561140,19,5,2,2022
20-May-22,1453,1466.75,1446.699951,1455.150024,1386.787598,10488908,20,5,2,2022
23-May-22,1455.099976,1488,1450.050049,1468.400024,1399.415283,5887569,23,5,2,2022
24-May-22,1468.599976,1469.550049,1435.25,1441,1373.30249,5693167,24,5,2,2022
25-May-22,1435,1442.5,1399.25,1410.449951,1344.187622,9630092,25,5,2,2022
26-May-22,1418,1430,1407.050049,1423.949951,1357.053223,13040065,26,5,2,2022
27-May-22,1443.949951,1467,1437.400024,1461.349976,1392.696289,8284860,27,5,2,2022
30-May-22,1487,1530,1485,1526.800049,1455.071533,10904213,30,5,2,2022
31-May-22,1510.699951,1518,1488.150024,1503.599976,1448.137207,16033857,31,5,2,2022
01-Jun-22,1513,1514.75,1472.099976,1478.550049,1424.01123,8738508,1,6,2,2022
02-Jun-22,1484,1513.849976,1475.599976,1508,1452.374878,7205840,2,6,2,2022
03-Jun-22,1524.900024,1555,1518,1521.699951,1465.569458,9395707,3,6,2,2022
06-Jun-22,1516,1536.599976,1493,1530.050049,1473.611572,6624883,6,6,2,2022
07-Jun-22,1519.849976,1519.849976,1502.599976,1506.699951,1451.122803,4904592,7,6,2,2022
08-Jun-22,1520.199951,1520.199951,1492,1500,1444.669922,4697608,8,6,2,2022
09-Jun-22,1485,1516.949951,1481.5,1515,1459.116699,4361061,9,6,2,2022
10-Jun-22,1486.099976,1493.949951,1473.599976,1476.800049,1422.325806,6516436,10,6,2,2022
13-Jun-22,1443.599976,1443.599976,1411.699951,1424.5,1371.954956,6987685,13,6,2,2022
14-Jun-22,1410,1448.900024,1403.150024,1440.550049,1387.412842,6090247,14,6,2,2022
15-Jun-22,1440.199951,1446.400024,1418.849976,1422.199951,1369.739624,4651958,15,6,2,2022
16-Jun-22,1438,1443.75,1392,1397.199951,1345.661865,6641772,16,6,2,2022
17-Jun-22,1391.050049,1396.949951,1367.150024,1387.300049,1336.127197,9692047,17,6,2,2022
20-Jun-22,1390.050049,1422.349976,1382,1414.150024,1361.986694,4595194,20,6,2,2022
21-Jun-22,1424,1456,1422.75,1449.900024,1396.417969,6270787,21,6,2,2022
22-Jun-22,1436.050049,1459.599976,1435,1437.25,1384.234619,6253366,22,6,2,2022
23-Jun-22,1439.800049,1458,1433,1452.449951,1398.873779,6254281,23,6,2,2022
24-Jun-22,1458,1467.5,1428.900024,1441.099976,1387.942627,6114340,24,6,2,2022
27-Jun-22,1468.050049,1484,1465.150024,1474.599976,1420.206787,4511097,27,6,2,2022
28-Jun-22,1469,1488.25,1453,1480.150024,1425.552124,4412178,28,6,2,2022
29-Jun-22,1464.699951,1477,1457,1463.25,1409.275513,5060038,29,6,2,2022
30-Jun-22,1465.050049,1482,1455,1461.900024,1407.97522,9165177,30,6,2,2022
01-Jul-22,1454,1485,1442.349976,1479.400024,1424.829956,4651635,1,7,3,2022
04-Jul-22,1480.25,1492.25,1462,1488,1433.112549,4800224,4,7,3,2022
05-Jul-22,1498.800049,1509.949951,1472,1475.949951,1421.506958,7379669,5,7,3,2022
06-Jul-22,1482.199951,1500,1470,1491.650024,1436.628052,5209162,6,7,3,2022
07-Jul-22,1503.050049,1513.949951,1495.699951,1498.699951,1443.417847,3323472,7,7,3,2022
08-Jul-22,1515,1516.949951,1499.949951,1514.449951,1458.586914,3652582,8,7,3,2022
11-Jul-22,1495,1499.900024,1466.400024,1473.150024,1418.810303,4702638,11,7,3,2022
12-Jul-22,1461.800049,1468.599976,1436,1438.599976,1385.534668,4710356,12,7,3,2022
13-Jul-22,1450,1460,1438.599976,1444.449951,1391.169067,5264025,13,7,3,2022
14-Jul-22,1451,1452.949951,1414,1428.849976,1376.144287,6157606,14,7,3,2022
15-Jul-22,1446,1446,1410.650024,1430.349976,1377.589111,5620018,15,7,3,2022
18-Jul-22,1450,1493.599976,1448.050049,1489.900024,1434.942505,5835171,18,7,3,2022
19-Jul-22,1471.550049,1486.849976,1470.099976,1484.150024,1429.404663,3418540,19,7,3,2022
20-Jul-22,1501.25,1525.800049,1500,1515.300049,1459.405518,5079392,20,7,3,2022
21-Jul-22,1517,1535.449951,1503.099976,1532.900024,1476.356445,5008061,21,7,3,2022
22-Jul-22,1534,1540,1492.150024,1506.300049,1450.737671,7020642,22,7,3,2022
25-Jul-22,1480.099976,1517.150024,1480.099976,1503.599976,1448.137207,7859626,25,7,3,2022
26-Jul-22,1496.650024,1496.650024,1445,1451.150024,1397.621826,7268273,26,7,3,2022
27-Jul-22,1451,1473,1445,1471.050049,1416.787842,4517285,27,7,3,2022
28-Jul-22,1496.400024,1524.449951,1489.849976,1517.400024,1461.428101,6636841,28,7,3,2022
29-Jul-22,1532.800049,1555.699951,1528,1549.699951,1492.536621,7009465,29,7,3,2022
01-Aug-22,1564,1564,1537.900024,1551.050049,1493.836914,2983249,1,8,3,2022
02-Aug-22,1546.550049,1547,1528.349976,1543.599976,1486.661621,4374635,2,8,3,2022
03-Aug-22,1549,1570,1539.900024,1566.099976,1508.331787,6011955,3,8,3,2022
04-Aug-22,1587.5,1603.849976,1574.949951,1599.900024,1540.884888,7402209,4,8,3,2022
05-Aug-22,1608.400024,1625.699951,1602.300049,1616.650024,1557.017212,5361971,5,8,3,2022
08-Aug-22,1617,1622,1596,1619.400024,1559.665649,3763409,8,8,3,2022
10-Aug-22,1621.199951,1621.199951,1588.099976,1602.449951,1543.340942,4423829,10,8,3,2022
11-Aug-22,1630,1631.349976,1616,1619.949951,1560.195313,3462090,11,8,3,2022
12-Aug-22,1613.300049,1614,1590.150024,1594.099976,1535.298828,3562286,12,8,3,2022
16-Aug-22,1609,1609,1591.099976,1596.449951,1537.562256,3004430,16,8,3,2022
17-Aug-22,1596.449951,1612,1585,1606.25,1547.000732,4067324,17,8,3,2022
18-Aug-22,1594.099976,1598.199951,1574,1582.949951,1524.560181,4635706,18,8,3,2022
19-Aug-22,1585.300049,1604.900024,1585.099976,1597.099976,1538.188232,4739884,19,8,3,2022
22-Aug-22,1586,1599,1574,1575.650024,1517.529419,3950555,22,8,3,2022
23-Aug-22,1548,1554.5,1533,1542.400024,1485.505981,5551574,23,8,3,2022
24-Aug-22,1535,1546,1531,1537.5,1480.786621,2888426,24,8,3,2022
25-Aug-22,1548,1548.699951,1513.75,1518.150024,1462.150513,4331088,25,8,3,2022
26-Aug-22,1535.150024,1544.949951,1517.449951,1521.550049,1465.425171,3079136,26,8,3,2022
29-Aug-22,1468.550049,1468.550049,1450,1461.75,1407.830811,8079050,29,8,3,2022
30-Aug-22,1473.099976,1496.099976,1466,1492.949951,1437.880005,6725875,30,8,3,2022
01-Sep-22,1460.050049,1468.099976,1451.050049,1464.199951,1410.19043,8140604,1,9,3,2022
02-Sep-22,1478,1478,1448,1453,1399.403687,5175653,2,9,3,2022
05-Sep-22,1451,1467,1446.349976,1461.300049,1407.397583,3669352,5,9,3,2022
06-Sep-22,1461.300049,1470,1445.449951,1455.099976,1401.426147,3428442,6,9,3,2022
07-Sep-22,1440,1465.75,1438.050049,1457.650024,1403.88208,3600574,7,9,3,2022
08-Sep-22,1475,1481.099976,1463.599976,1475.900024,1421.458984,4061475,8,9,3,2022
09-Sep-22,1488,1520,1480,1511.650024,1455.890381,4816910,9,9,3,2022
12-Sep-22,1525.800049,1545.900024,1521.150024,1536.199951,1479.534668,5494819,12,9,3,2022
13-Sep-22,1551.900024,1553,1541.300049,1544.949951,1487.961914,4947158,13,9,3,2022
14-Sep-22,1497,1498.949951,1472,1475.400024,1420.977295,14332197,14,9,3,2022
15-Sep-22,1475,1475.199951,1429.050049,1432.800049,1379.948853,12784100,15,9,3,2022
16-Sep-22,1425,1425,1368.349976,1377.050049,1326.255249,20464045,16,9,3,2022
19-Sep-22,1392,1406,1380.599976,1390.300049,1339.016357,6595241,19,9,3,2022
20-Sep-22,1407.949951,1413.550049,1385.099976,1388.550049,1337.330933,7219797,20,9,3,2022
21-Sep-22,1379.900024,1388.800049,1368.400024,1377.25,1326.447754,7917054,21,9,3,2022
22-Sep-22,1366.349976,1383.949951,1360,1367.949951,1317.490845,9168498,22,9,3,2022
23-Sep-22,1367.5,1394.800049,1362,1365.449951,1315.083008,10426200,23,9,3,2022
26-Sep-22,1360,1399.449951,1355,1380.25,1329.337036,9414587,26,9,3,2022
27-Sep-22,1393.449951,1406.5,1378,1393.550049,1342.146484,8561254,27,9,3,2022
28-Sep-22,1379,1405.849976,1377,1394.699951,1343.254028,7022098,28,9,3,2022
29-Sep-22,1404.900024,1409.849976,1393,1398.650024,1347.058472,6119965,29,9,3,2022
30-Sep-22,1388.949951,1419.300049,1376,1413.449951,1361.312378,8120130,30,9,3,2022
03-Oct-22,1412,1412,1386,1393.75,1342.339233,4943169,3,10,4,2022
04-Oct-22,1419.699951,1432.25,1414,1429.400024,1376.674194,6631341,4,10,4,2022
06-Oct-22,1445,1459.800049,1444.099976,1455.150024,1401.474365,6180672,6,10,4,2022
07-Oct-22,1446.349976,1457.849976,1440.150024,1451.199951,1397.669922,3994466,7,10,4,2022
10-Oct-22,1426.349976,1465,1426.349976,1462.650024,1408.697754,5274677,10,10,4,2022
11-Oct-22,1462.650024,1479.650024,1420.099976,1423.800049,1371.280762,12824774,11,10,4,2022
12-Oct-22,1437,1441.099976,1413.550049,1428.699951,1375.999878,5481467,12,10,4,2022
13-Oct-22,1431,1437.949951,1415,1419.900024,1367.524536,4821514,13,10,4,2022
14-Oct-22,1485,1494,1467.25,1474.25,1419.869751,14990688,14,10,4,2022
17-Oct-22,1476.900024,1495,1475.5,1489.949951,1434.990601,4286396,17,10,4,2022
18-Oct-22,1510,1510.949951,1497.25,1503.699951,1448.233521,4692004,18,10,4,2022
19-Oct-22,1504,1504.949951,1481.300049,1485.449951,1430.656616,3553171,19,10,4,2022
20-Oct-22,1475,1504,1474.199951,1500.900024,1445.536865,4583939,20,10,4,2022
21-Oct-22,1500.300049,1506,1491.349976,1500.5,1445.151489,3594485,21,10,4,2022
24-Oct-22,1518.5,1521.800049,1511,1517.849976,1461.861572,982837,24,10,4,2022
25-Oct-22,1528.099976,1532.900024,1521.050049,1526.300049,1469.999878,3914341,25,10,4,2022
27-Oct-22,1530.800049,1534.900024,1512.5,1523.949951,1483.776733,6760137,27,10,4,2022
28-Oct-22,1526,1527.949951,1507,1513.25,1473.358765,3053981,28,10,4,2022
31-Oct-22,1530.25,1546.400024,1530.25,1537.650024,1497.115601,4542336,31,10,4,2022
01-Nov-22,1553.050049,1575,1547.099976,1573,1531.533813,4542692,1,11,4,2022
02-Nov-22,1572,1572.75,1545,1553.300049,1512.353149,2938906,2,11,4,2022
03-Nov-22,1538.75,1543.900024,1521.650024,1530.75,1490.397583,3174027,3,11,4,2022
04-Nov-22,1520.449951,1520.449951,1501.150024,1514,1474.089111,4509682,4,11,4,2022
07-Nov-22,1521.400024,1527.900024,1491.099976,1507.449951,1467.71167,4898592,7,11,4,2022
09-Nov-22,1529,1529,1501.099976,1511.199951,1471.362793,3334755,9,11,4,2022
10-Nov-22,1485,1512,1485,1501.949951,1462.356689,3435763,10,11,4,2022
11-Nov-22,1546.650024,1573.5,1546.650024,1570.099976,1528.710205,7214098,11,11,4,2022
14-Nov-22,1575.150024,1591.400024,1568.449951,1585.300049,1543.509521,4908813,14,11,4,2022
15-Nov-22,1577.849976,1597.849976,1572.75,1594,1551.980225,3497614,15,11,4,2022
16-Nov-22,1597.150024,1609,1593.5,1602.800049,1560.548218,4497697,16,11,4,2022
17-Nov-22,1597.199951,1602.800049,1582.949951,1587.400024,1545.554199,3469515,17,11,4,2022
18-Nov-22,1591.699951,1598,1575.5,1593.400024,1551.395996,3126064,18,11,4,2022
21-Nov-22,1582.099976,1587.849976,1564.050049,1568.199951,1526.860229,3071764,21,11,4,2022
22-Nov-22,1569,1588,1562,1585.050049,1543.266113,3399329,22,11,4,2022
23-Nov-22,1588.900024,1592,1579.300049,1583.150024,1541.41626,3245067,23,11,4,2022
24-Nov-22,1589,1636,1584.75,1629.800049,1586.836426,5282215,24,11,4,2022
25-Nov-22,1631.400024,1644,1613.800049,1635.650024,1592.532227,4563255,25,11,4,2022
28-Nov-22,1628,1653.5,1620,1623.400024,1580.605225,3825766,28,11,4,2022
29-Nov-22,1621.199951,1638.75,1615.050049,1629.050049,1586.106323,3131710,29,11,4,2022
30-Nov-22,1619.949951,1645.75,1613.150024,1634.949951,1591.850708,11868134,30,11,4,2022
01-Dec-22,1656.199951,1672.599976,1652.300049,1657.099976,1613.416748,5407928,1,12,4,2022
02-Dec-22,1656,1661.800049,1633.949951,1637.900024,1594.7229,4283343,2,12,4,2022
05-Dec-22,1638,1644.849976,1623.300049,1639.75,1596.52417,3824966,5,12,4,2022
06-Dec-22,1625,1626,1607.550049,1612.900024,1570.38208,4822398,6,12,4,2022
07-Dec-22,1608,1623.800049,1596.699951,1605.5,1563.177124,4898087,7,12,4,2022
08-Dec-22,1605.5,1623.900024,1598.5,1620.150024,1577.440918,4206837,8,12,4,2022
09-Dec-22,1628,1628,1561.099976,1569.300049,1527.931396,8880658,9,12,4,2022
12-Dec-22,1550,1565.949951,1530.050049,1547.199951,1506.41394,8037679,12,12,4,2022
13-Dec-22,1547.199951,1577.5,1541.150024,1572.150024,1530.706177,6135067,13,12,4,2022
14-Dec-22,1582,1588.5,1573,1579.400024,1537.765015,4976020,14,12,4,2022
15-Dec-22,1569.300049,1570,1535.25,1540.5,1499.890503,6443866,15,12,4,2022
16-Dec-22,1525,1549.5,1512.050049,1522.199951,1482.072876,9630453,16,12,4,2022
19-Dec-22,1507.949951,1516.900024,1495.050049,1507.349976,1467.61438,6222740,19,12,4,2022
20-Dec-22,1501,1516,1482.449951,1507.300049,1467.565796,7396259,20,12,4,2022
21-Dec-22,1515,1521,1502.349976,1509.550049,1469.756348,6236361,21,12,4,2022
22-Dec-22,1521.5,1529.949951,1511.75,1522.050049,1481.92688,6302640,22,12,4,2022
23-Dec-22,1508.699951,1509.900024,1493,1497.099976,1457.634521,6283822,23,12,4,2022
26-Dec-22,1500.5,1509.900024,1496.349976,1502.400024,1462.794922,4115459,26,12,4,2022
27-Dec-22,1509.949951,1521.449951,1497.5,1514.849976,1474.916626,4860076,27,12,4,2022
28-Dec-22,1505.099976,1524.949951,1498.5,1510.150024,1470.340576,5029860,28,12,4,2022
29-Dec-22,1504,1521.300049,1501,1517.550049,1477.545532,4624745,29,12,4,2022
30-Dec-22,1528,1530.400024,1504.050049,1508.199951,1468.441895,5060544,30,12,4,2022
02-Jan-23,1514,1526.5,1504.050049,1524,1483.825439,3801140,2,1,1,2023
03-Jan-23,1519.849976,1532.650024,1515.099976,1522.550049,1482.413818,4551130,3,1,1,2023
04-Jan-23,1521,1521,1491.099976,1494.800049,1455.395264,7059590,4,1,1,2023
05-Jan-23,1505.900024,1505.900024,1469.25,1475.199951,1436.311768,9868404,5,1,1,2023
06-Jan-23,1470,1475,1446.5,1448.5,1410.315674,6443714,6,1,1,2023
09-Jan-23,1448.199951,1489.349976,1448.199951,1484.449951,1445.317993,11498717,9,1,1,2023
10-Jan-23,1482,1483.900024,1454.050049,1469.75,1431.005493,7158624,10,1,1,2023
11-Jan-23,1470,1494,1464,1471.25,1432.465942,6173092,11,1,1,2023
12-Jan-23,1481.949951,1485,1455,1480.599976,1441.56958,6591385,12,1,1,2023
13-Jan-23,1483.5,1519.400024,1468,1503.650024,1464.011963,11610426,13,1,1,2023
16-Jan-23,1510,1528,1502.300049,1525.5,1485.285889,6073063,16,1,1,2023
17-Jan-23,1527,1542.199951,1524,1539.5,1498.91687,5922644,17,1,1,2023
18-Jan-23,1544.75,1551.849976,1539.599976,1545.400024,1504.661377,5843098,18,1,1,2023
19-Jan-23,1539.900024,1549.550049,1526.150024,1538.900024,1498.332642,6165284,19,1,1,2023
20-Jan-23,1538,1545,1524,1525.550049,1485.334717,6496429,20,1,1,2023
23-Jan-23,1535,1553.300049,1528.099976,1548,1507.192871,4855020,23,1,1,2023
24-Jan-23,1560,1568.800049,1549.75,1551.900024,1510.98999,5200802,24,1,1,2023
25-Jan-23,1547,1556,1538.75,1543,1502.324585,4158617,25,1,1,2023
27-Jan-23,1546,1550.949951,1507.400024,1519.150024,1479.103271,6209955,27,1,1,2023
30-Jan-23,1528.800049,1544,1520,1538.800049,1498.235352,6964719,30,1,1,2023
31-Jan-23,1548.900024,1548.900024,1513,1533.75,1493.318481,9448126,31,1,1,2023
01-Feb-23,1542.199951,1555.050049,1528.050049,1551.099976,1510.21106,6194199,1,2,1,2023
02-Feb-23,1552,1586.949951,1552,1583.75,1542.000488,6916834,2,2,1,2023
03-Feb-23,1597.5,1604.650024,1573,1599.400024,1557.237793,7040194,3,2,1,2023
06-Feb-23,1598,1598,1561.599976,1569.849976,1528.466797,4570612,6,2,1,2023
07-Feb-23,1569,1576.050049,1555.099976,1562.400024,1521.213135,4336238,7,2,1,2023
08-Feb-23,1565.5,1603,1565.5,1590.5,1548.572388,7983338,8,2,1,2023
09-Feb-23,1596.199951,1619.75,1586.050049,1617,1574.373901,6904911,9,2,1,2023
10-Feb-23,1612.949951,1616.300049,1596.449951,1608.550049,1566.146606,4786762,10,2,1,2023
13-Feb-23,1597,1597,1566,1567.449951,1526.130127,4001199,13,2,1,2023
14-Feb-23,1584.699951,1596,1578.150024,1593.25,1551.249878,5043736,14,2,1,2023
15-Feb-23,1584,1599,1576,1597.050049,1554.949829,3465747,15,2,1,2023
16-Feb-23,1600,1614.449951,1597.849976,1601.800049,1559.574585,4290289,16,2,1,2023
17-Feb-23,1594,1595,1575.5,1583.800049,1542.049072,2857734,17,2,1,2023
20-Feb-23,1584.949951,1603,1582.5,1592.449951,1550.470947,2417716,20,2,1,2023
21-Feb-23,1598.699951,1601.650024,1576,1579.5,1537.862427,2723288,21,2,1,2023
22-Feb-23,1563,1575,1555.300049,1561.800049,1520.629028,3656244,22,2,1,2023
23-Feb-23,1569.849976,1569.849976,1548.150024,1550.699951,1509.821533,4766854,23,2,1,2023
24-Feb-23,1560,1569,1545,1550.650024,1509.772949,2790986,24,2,1,2023
27-Feb-23,1540,1540,1502,1509.300049,1469.512939,4920268,27,2,1,2023
28-Feb-23,1515.599976,1524,1481.300049,1487.550049,1448.336304,9679811,28,2,1,2023
01-Mar-23,1492.400024,1500.849976,1481.5,1496.050049,1456.612305,5125043,1,3,1,2023
02-Mar-23,1485,1488.599976,1467.300049,1472.150024,1433.342407,4644499,2,3,1,2023
03-Mar-23,1486.75,1489.800049,1473,1479.300049,1440.303833,4615015,3,3,1,2023
06-Mar-23,1494.550049,1520.400024,1493.150024,1507.449951,1467.71167,6561742,6,3,1,2023
08-Mar-23,1490.550049,1496,1481.099976,1492.699951,1453.350586,4137080,8,3,1,2023
09-Mar-23,1495,1498.349976,1474.599976,1480.400024,1441.374756,5104656,9,3,1,2023
10-Mar-23,1460,1474.300049,1457.650024,1471.550049,1432.758179,3699580,10,3,1,2023
13-Mar-23,1464.199951,1478.300049,1428,1435.099976,1397.268921,8798403,13,3,1,2023
14-Mar-23,1441,1448.349976,1411,1420,1382.567139,7402784,14,3,1,2023
15-Mar-23,1438,1442.849976,1416.849976,1419.650024,1382.226318,7556182,15,3,1,2023
16-Mar-23,1417.800049,1417.800049,1398.699951,1404.099976,1367.086182,7323117,16,3,1,2023
17-Mar-23,1430,1442.900024,1411.400024,1420.699951,1383.248535,9090018,17,3,1,2023
20-Mar-23,1419.699951,1419.699951,1384.849976,1403.650024,1366.648071,8221829,20,3,1,2023
21-Mar-23,1399,1405,1390,1390.699951,1354.039429,8536755,21,3,1,2023
22-Mar-23,1403,1407.25,1382.150024,1389.25,1352.627686,8356487,22,3,1,2023
23-Mar-23,1383.949951,1383.949951,1370,1374.550049,1338.315308,7607718,23,3,1,2023
24-Mar-23,1388,1398.949951,1377.5,1380.650024,1344.254395,7559127,24,3,1,2023
27-Mar-23,1386.25,1395.75,1374.099976,1388.949951,1352.335449,4170193,27,3,1,2023
28-Mar-23,1392.099976,1398,1375.849976,1377.599976,1341.284668,6633366,28,3,1,2023
29-Mar-23,1379,1389.900024,1364.550049,1383.550049,1347.078003,8813966,29,3,1,2023
31-Mar-23,1404,1429.949951,1393.900024,1427.949951,1390.307373,8711975,31,3,1,2023
03-Apr-23,1435,1435,1405.150024,1410.849976,1373.658203,5242764,3,4,2,2023
05-Apr-23,1400,1427.5,1400,1423.550049,1386.02356,7506334,5,4,2,2023
06-Apr-23,1416,1428.400024,1410.349976,1421.900024,1384.416992,6948465,6,4,2,2023
10-Apr-23,1423.949951,1434,1415,1427.599976,1389.966675,4993788,10,4,2,2023
11-Apr-23,1428.900024,1433.349976,1389,1406.150024,1369.082153,6942255,11,4,2,2023
12-Apr-23,1413.050049,1431.5,1400,1428.300049,1390.648315,5831169,12,4,2,2023
13-Apr-23,1409.75,1411.050049,1383,1389.199951,1352.578979,11267238,13,4,2,2023
17-Apr-23,1250.300049,1261.150024,1185.300049,1258.300049,1225.129761,53171705,17,4,2,2023
18-Apr-23,1269.949951,1269.949951,1253.099976,1259.349976,1226.151978,12430884,18,4,2,2023
19-Apr-23,1254.349976,1254.349976,1229.400024,1232.199951,1199.717651,11307230,19,4,2,2023
20-Apr-23,1230.699951,1237.849976,1221.400024,1223.400024,1191.149658,8621249,20,4,2,2023
21-Apr-23,1228.099976,1233.25,1220,1227.349976,1194.995605,8691352,21,4,2,2023
24-Apr-23,1228,1230,1218,1226.300049,1193.973267,8313774,24,4,2,2023
25-Apr-23,1225.949951,1235.5,1215,1224.900024,1192.610229,6808576,25,4,2,2023
26-Apr-23,1228,1233,1220.550049,1227.550049,1195.190308,5680192,26,4,2,2023
27-Apr-23,1230,1247.800049,1225.400024,1246.25,1213.397339,8020704,27,4,2,2023
28-Apr-23,1255.699951,1259,1244.949951,1252.75,1219.725952,10118277,28,4,2,2023
02-May-23,1254.550049,1279.75,1254.550049,1277.449951,1243.77478,8886401,2,5,2,2023
03-May-23,1266,1272.5,1262.099976,1269.150024,1235.693604,5549783,3,5,2,2023
04-May-23,1268.949951,1275.800049,1262.5,1273.550049,1239.977661,4505401,4,5,2,2023
05-May-23,1279,1279,1254.25,1259.099976,1225.908569,5373791,5,5,2,2023
08-May-23,1262.449951,1270.300049,1255.199951,1265.599976,1232.237183,5260842,8,5,2,2023
09-May-23,1266,1272,1260.699951,1270.699951,1237.202759,4969897,9,5,2,2023
10-May-23,1276.400024,1276.400024,1259.150024,1263.25,1229.949097,6515734,10,5,2,2023
11-May-23,1270.25,1275.900024,1253.050049,1256.099976,1222.987671,6888461,11,5,2,2023
12-May-23,1253.349976,1256,1239.050049,1245.199951,1212.374878,8292212,12,5,2,2023
15-May-23,1249.900024,1268.900024,1245.650024,1258.349976,1225.178223,5534710,15,5,2,2023
16-May-23,1265,1273.949951,1262.75,1264.300049,1230.971558,5236469,16,5,2,2023
17-May-23,1260.599976,1260.949951,1242.449951,1246.900024,1214.030151,10465667,17,5,2,2023
18-May-23,1258.599976,1259.650024,1242.449951,1246,1213.153809,6948732,18,5,2,2023
19-May-23,1256.050049,1273.300049,1252.800049,1268.900024,1235.450195,11094136,19,5,2,2023
22-May-23,1272.949951,1295.599976,1270.25,1292.800049,1258.720337,7625947,22,5,2,2023
23-May-23,1299.199951,1314.150024,1297.050049,1300.050049,1265.779175,7436031,23,5,2,2023
24-May-23,1296.300049,1305,1291.300049,1298.650024,1264.416016,4824077,24,5,2,2023
25-May-23,1294.5,1307,1289.25,1304.349976,1269.965698,4334121,25,5,2,2023
26-May-23,1306,1323.449951,1306,1317.449951,1282.720337,5521606,26,5,2,2023
29-May-23,1332.699951,1332.699951,1309.849976,1314.400024,1279.750854,4419365,29,5,2,2023
30-May-23,1315,1326.400024,1309.150024,1323.849976,1288.95166,6274719,30,5,2,2023
31-May-23,1319.849976,1331.099976,1314.150024,1318.300049,1283.547974,17800782,31,5,2,2023
01-Jun-23,1322.550049,1329.5,1318.099976,1319.5,1302,4277841,1,6,2,2023
02-Jun-23,1309,1312.900024,1296.050049,1299,1299,10909311,2,6,2,2023
05-Jun-23,1304,1309.449951,1297.300049,1304.5,1304.5,5002553,5,6,2,2023
06-Jun-23,1288.599976,1288.599976,1273,1279,1279,10008100,6,6,2,2023
07-Jun-23,1290.5,1294,1282.5,1288.949951,1288.949951,5397578,7,6,2,2023
08-Jun-23,1286.199951,1292,1281.099976,1282.800049,1282.800049,5034942,8,6,2,2023
09-Jun-23,1282.5,1282.5,1264,1265.949951,1265.949951,5339073,9,6,2,2023
12-Jun-23,1273.5,1295.699951,1273,1291.949951,1291.949951,4785588,12,6,2,2023
13-Jun-23,1299.900024,1306.5,1297.050049,1304.849976,1304.849976,4846587,13,6,2,2023
14-Jun-23,1306.349976,1306.699951,1293.199951,1300.400024,1300.400024,3457981,14,6,2,2023
15-Jun-23,1293.949951,1293.949951,1282.650024,1286.800049,1286.800049,6161155,15,6,2,2023
16-Jun-23,1287,1301.5,1281.050049,1291.650024,1291.650024,8536287,16,6,2,2023
19-Jun-23,1294,1299.5,1287.050049,1294,1294,4451787,19,6,2,2023
20-Jun-23,1294,1305,1291.099976,1303.400024,1303.400024,4009180,20,6,2,2023
21-Jun-23,1299.949951,1303.800049,1295,1299.349976,1299.349976,4041529,21,6,2,2023
22-Jun-23,1289.400024,1289.400024,1273.5,1281.550049,1281.550049,6676607,22,6,2,2023
23-Jun-23,1276.449951,1279.349976,1263.349976,1265,1265,7239467,23,6,2,2023
26-Jun-23,1270.25,1274,1262.25,1270.349976,1270.349976,3403244,26,6,2,2023
27-Jun-23,1280,1282,1274.199951,1279.150024,1279.150024,3240024,27,6,2,2023
28-Jun-23,1279.150024,1279.150024,1279.150024,1279.150024,1279.150024,0,28,6,2,2023
30-Jun-23,1308.199951,1338.900024,1304.449951,1335.5,1335.5,12821692,30,6,2,2023
03-Jul-23,1330,1346,1328.449951,1333.699951,1333.699951,7732412,3,7,3,2023
04-Jul-23,1344.300049,1346,1331.400024,1345.150024,1345.150024,5797775,4,7,3,2023
05-Jul-23,1357.849976,1357.949951,1341,1347.300049,1347.300049,5414936,5,7,3,2023
06-Jul-23,1342.550049,1347.449951,1337.150024,1343.900024,1343.900024,5963897,6,7,3,2023
07-Jul-23,1334,1345.800049,1325.349976,1330.199951,1330.199951,6295647,7,7,3,2023
10-Jul-23,1336.550049,1341.900024,1319.300049,1329.150024,1329.150024,3940315,10,7,3,2023
11-Jul-23,1333.449951,1350.900024,1327,1348.599976,1348.599976,6126128,11,7,3,2023
12-Jul-23,1351,1351.900024,1327,1333.300049,1333.300049,8102770,12,7,3,2023
13-Jul-23,1334.900024,1376.800049,1330.849976,1365.099976,1365.099976,9977644,13,7,3,2023
14-Jul-23,1380.650024,1430,1380.650024,1425.949951,1425.949951,12833381,14,7,3,2023
17-Jul-23,1425.949951,1458.949951,1414.300049,1422.949951,1422.949951,11569884,17,7,3,2023
18-Jul-23,1434,1477.949951,1429,1475.199951,1475.199951,16743977,18,7,3,2023
19-Jul-23,1486,1498.800049,1460.699951,1474.949951,1474.949951,13687062,19,7,3,2023
20-Jul-23,1471,1471,1440.699951,1449.5,1449.5,8347221,20,7,3,2023
21-Jul-23,1320.199951,1350,1305,1331.599976,1331.599976,45548305,21,7,3,2023
24-Jul-23,1341,1349.900024,1334.25,1336.599976,1336.599976,8859789,24,7,3,2023
25-Jul-23,1337,1342.849976,1324.25,1334.599976,1334.599976,6801982,25,7,3,2023
26-Jul-23,1343,1350,1339.400024,1348.849976,1348.849976,5528885,26,7,3,2023
27-Jul-23,1358.599976,1363.800049,1347.050049,1353.150024,1353.150024,9191861,27,7,3,2023
28-Jul-23,1353.849976,1363.849976,1336,1340.5,1340.5,6122735,28,7,3,2023
31-Jul-23,1348.75,1357.5,1333.25,1355.699951,1355.699951,7902180,31,7,3,2023
01-Aug-23,1362,1369,1357,1365.199951,1365.199951,6064652,1,8,3,2023
02-Aug-23,1369.300049,1371.949951,1348.449951,1356.849976,1356.849976,7419145,2,8,3,2023
03-Aug-23,1350,1366.550049,1349,1364.300049,1364.300049,6503741,3,8,3,2023
04-Aug-23,1368.900024,1385.900024,1362,1378.349976,1378.349976,5712345,4,8,3,2023
07-Aug-23,1387.900024,1395,1377,1393,1393,3729093,7,8,3,2023
08-Aug-23,1392.849976,1393.550049,1384.400024,1390.199951,1390.199951,4161877,8,8,3,2023
09-Aug-23,1384,1396,1382.5,1394.400024,1394.400024,4090828,9,8,3,2023
10-Aug-23,1391.599976,1395.800049,1385.599976,1389.099976,1389.099976,3873025,10,8,3,2023
11-Aug-23,1392,1396.849976,1367.050049,1371.849976,1371.849976,5783517,11,8,3,2023
14-Aug-23,1371.849976,1395,1365.599976,1393.550049,1393.550049,4304135,14,8,3,2023
16-Aug-23,1410.800049,1419.949951,1405.400024,1418.5,1418.5,7735313,16,8,3,2023
17-Aug-23,1420,1420,1406,1411.550049,1411.550049,5618346,17,8,3,2023
18-Aug-23,1403.699951,1408.699951,1386.150024,1388.800049,1388.800049,5134103,18,8,3,2023
